Datetime,Open,High,Low,Close,Volume
2026-06-26 06:15:00-04:00,4066.699951171875,4066.800048828125,4060.0,4060.0,198
2026-06-26 06:20:00-04:00,4060.199951171875,4061.5,4057.5,4059.5,382
2026-06-26 06:25:00-04:00,4060.10009765625,4063.89990234375,4058.89990234375,4063.300048828125,288
2026-06-26 06:30:00-04:00,4063.300048828125,4069.5,4062.60009765625,4069.10009765625,277
2026-06-26 06:35:00-04:00,4069.199951171875,4069.199951171875,4064.10009765625,4064.10009765625,222
2026-06-26 06:40:00-04:00,4064.699951171875,4065.89990234375,4062.0,4063.60009765625,147
2026-06-26 06:45:00-04:00,4063.300048828125,4065.5,4062.5,4064.199951171875,161
2026-06-26 06:50:00-04:00,4063.89990234375,4069.800048828125,4063.60009765625,4068.199951171875,169
2026-06-26 06:55:00-04:00,4068.39990234375,4070.800048828125,4066.800048828125,4069.800048828125,207
2026-06-26 07:00:00-04:00,4070.0,4071.0,4066.60009765625,4068.5,315
2026-06-26 07:05:00-04:00,4067.800048828125,4070.0,4067.10009765625,4068.0,236
2026-06-26 07:10:00-04:00,4068.199951171875,4068.300048828125,4062.39990234375,4062.699951171875,398
2026-06-26 07:15:00-04:00,4062.60009765625,4069.5,4061.5,4068.300048828125,452
2026-06-26 07:20:00-04:00,4068.39990234375,4069.199951171875,4066.60009765625,4067.300048828125,168
2026-06-26 07:25:00-04:00,4067.5,4068.89990234375,4066.0,4068.10009765625,152
2026-06-26 07:30:00-04:00,4068.39990234375,4071.5,4068.10009765625,4069.699951171875,348
2026-06-26 07:35:00-04:00,4068.199951171875,4068.89990234375,4063.60009765625,4063.60009765625,270
2026-06-26 07:40:00-04:00,4063.699951171875,4065.5,4061.39990234375,4061.89990234375,228
2026-06-26 07:45:00-04:00,4062.0,4063.60009765625,4060.60009765625,4060.89990234375,260
2026-06-26 07:50:00-04:00,4061.199951171875,4061.300048828125,4057.60009765625,4059.10009765625,589
2026-06-26 07:55:00-04:00,4059.5,4062.5,4059.5,4061.0,352
2026-06-26 08:00:00-04:00,4061.10009765625,4061.10009765625,4058.39990234375,4060.39990234375,241
2026-06-26 08:05:00-04:00,4059.699951171875,4063.10009765625,4059.699951171875,4063.0,196
2026-06-26 08:10:00-04:00,4063.10009765625,4065.89990234375,4062.60009765625,4064.0,242
2026-06-26 08:15:00-04:00,4063.800048828125,4066.5,4058.800048828125,4059.10009765625,158
2026-06-26 08:20:00-04:00,4059.300048828125,4061.89990234375,4056.800048828125,4059.10009765625,537
2026-06-26 08:25:00-04:00,4059.10009765625,4062.5,4059.0,4061.39990234375,303
2026-06-26 08:30:00-04:00,4061.10009765625,4064.0,4057.699951171875,4060.10009765625,545
2026-06-26 08:35:00-04:00,4059.699951171875,4061.0,4057.89990234375,4059.10009765625,330
2026-06-26 08:40:00-04:00,4059.10009765625,4059.10009765625,4050.60009765625,4055.10009765625,783
2026-06-26 08:45:00-04:00,4054.800048828125,4059.199951171875,4054.0,4059.0,516
2026-06-26 08:50:00-04:00,4059.0,4063.800048828125,4058.39990234375,4060.60009765625,512
2026-06-26 08:55:00-04:00,4060.800048828125,4076.699951171875,4060.800048828125,4074.0,1396
2026-06-26 09:00:00-04:00,4074.10009765625,4081.300048828125,4065.0,4067.199951171875,1500
2026-06-26 09:05:00-04:00,4067.0,4068.10009765625,4058.0,4059.60009765625,927
2026-06-26 09:10:00-04:00,4059.699951171875,4065.699951171875,4058.39990234375,4065.10009765625,683
2026-06-26 09:15:00-04:00,4065.300048828125,4068.0,4057.699951171875,4065.199951171875,1040
2026-06-26 09:20:00-04:00,4065.39990234375,4073.199951171875,4064.199951171875,4072.10009765625,1126
2026-06-26 09:25:00-04:00,4071.800048828125,4073.60009765625,4068.0,4071.89990234375,1173
2026-06-26 09:30:00-04:00,4071.199951171875,4071.800048828125,4062.60009765625,4065.39990234375,1215
2026-06-26 09:35:00-04:00,4065.60009765625,4066.199951171875,4059.39990234375,4061.5,860
2026-06-26 09:40:00-04:00,4062.300048828125,4077.300048828125,4062.300048828125,4077.300048828125,1006
2026-06-26 09:45:00-04:00,4077.300048828125,4080.39990234375,4073.0,4076.5,727
2026-06-26 09:50:00-04:00,4077.10009765625,4084.5,4075.60009765625,4078.699951171875,1469
2026-06-26 09:55:00-04:00,4079.800048828125,4093.10009765625,4078.89990234375,4088.699951171875,1780
2026-06-26 10:00:00-04:00,4088.60009765625,4094.89990234375,4083.0,4093.0,2304
2026-06-26 10:05:00-04:00,4092.60009765625,4095.199951171875,4087.5,4094.89990234375,1595
2026-06-26 10:10:00-04:00,4094.89990234375,4101.0,4092.39990234375,4097.7998046875,2312
2026-06-26 10:15:00-04:00,4097.89990234375,4108.7001953125,4096.7998046875,4104.2998046875,2236
2026-06-26 10:20:00-04:00,4104.0,4108.10009765625,4102.89990234375,4104.39990234375,1394
2026-06-26 10:25:00-04:00,4104.39990234375,4106.7998046875,4099.39990234375,4099.7001953125,1211
2026-06-26 10:30:00-04:00,4099.89990234375,4100.5,4094.89990234375,4095.39990234375,1084
2026-06-26 10:35:00-04:00,4095.699951171875,4097.0,4091.300048828125,4094.5,640
2026-06-26 10:40:00-04:00,4094.39990234375,4099.2001953125,4091.39990234375,4097.7001953125,771
2026-06-26 10:45:00-04:00,4098.0,4106.7998046875,4098.0,4103.5,974
2026-06-26 10:50:00-04:00,4103.7001953125,4103.89990234375,4099.10009765625,4103.2001953125,844
2026-06-26 10:55:00-04:00,4103.10009765625,4106.5,4095.60009765625,4095.699951171875,1024
2026-06-26 11:00:00-04:00,4095.89990234375,4098.2998046875,4094.300048828125,4094.300048828125,344
2026-06-26 11:05:00-04:00,4094.5,4096.2001953125,4090.699951171875,4096.0,637
2026-06-26 11:10:00-04:00,4096.0,4097.5,4092.5,4094.300048828125,337
2026-06-26 11:15:00-04:00,4094.199951171875,4099.7998046875,4093.0,4097.0,560
2026-06-26 11:20:00-04:00,4097.2001953125,4099.10009765625,4095.300048828125,4097.2998046875,498
2026-06-26 11:25:00-04:00,4096.7001953125,4099.89990234375,4095.60009765625,4099.10009765625,285
2026-06-26 11:30:00-04:00,4099.60009765625,4103.89990234375,4097.0,4097.0,582
2026-06-26 11:35:00-04:00,4097.2001953125,4109.2998046875,4096.60009765625,4106.7001953125,768
2026-06-26 11:40:00-04:00,4106.7998046875,4110.7001953125,4106.2998046875,4110.2001953125,1081
2026-06-26 11:45:00-04:00,4110.5,4111.5,4106.0,4110.10009765625,924
2026-06-26 11:50:00-04:00,4110.60009765625,4110.89990234375,4098.5,4101.7001953125,1579
2026-06-26 11:55:00-04:00,4101.5,4107.5,4101.0,4106.2998046875,448
2026-06-26 12:00:00-04:00,4106.10009765625,4108.39990234375,4105.10009765625,4106.89990234375,530
2026-06-26 12:05:00-04:00,4106.60009765625,4106.60009765625,4103.60009765625,4104.39990234375,198
2026-06-26 12:10:00-04:00,4104.60009765625,4107.7001953125,4103.60009765625,4106.7998046875,238
2026-06-26 12:15:00-04:00,4106.60009765625,4109.2001953125,4104.7998046875,4105.7001953125,286
2026-06-26 12:20:00-04:00,4106.0,4106.0,4098.5,4101.2998046875,761
2026-06-26 12:25:00-04:00,4100.7998046875,4103.89990234375,4099.89990234375,4102.2998046875,267
2026-06-26 12:30:00-04:00,4102.5,4108.60009765625,4102.5,4103.5,568
2026-06-26 12:35:00-04:00,4103.60009765625,4104.10009765625,4099.39990234375,4100.0,495
2026-06-26 12:40:00-04:00,4100.2001953125,4101.2998046875,4097.39990234375,4099.60009765625,413
2026-06-26 12:45:00-04:00,4099.5,4101.89990234375,4098.7998046875,4098.7998046875,382
2026-06-26 12:50:00-04:00,4099.2998046875,4100.5,4098.0,4100.5,626
2026-06-26 12:55:00-04:00,4100.60009765625,4100.89990234375,4098.7998046875,4099.89990234375,130
2026-06-26 13:00:00-04:00,4100.2001953125,4100.7001953125,4098.60009765625,4099.60009765625,269
2026-06-26 13:05:00-04:00,4099.7998046875,4103.39990234375,4099.2998046875,4102.0,395
2026-06-26 13:10:00-04:00,4102.2001953125,4102.5,4097.7001953125,4098.39990234375,537
2026-06-26 13:15:00-04:00,4098.7001953125,4099.39990234375,4096.5,4096.7998046875,490
2026-06-26 13:20:00-04:00,4096.89990234375,4100.2998046875,4095.300048828125,4099.89990234375,550
2026-06-26 13:25:00-04:00,4099.7001953125,4099.7998046875,4095.5,4096.7001953125,1316
2026-06-26 13:30:00-04:00,4096.7998046875,4098.39990234375,4091.0,4093.0,779
2026-06-26 13:35:00-04:00,4093.199951171875,4094.0,4089.39990234375,4090.699951171875,425
2026-06-26 13:40:00-04:00,4091.0,4092.699951171875,4089.10009765625,4091.60009765625,369
2026-06-26 13:45:00-04:00,4091.800048828125,4092.60009765625,4089.199951171875,4091.199951171875,205
2026-06-26 13:50:00-04:00,4091.199951171875,4091.89990234375,4089.39990234375,4090.39990234375,166
2026-06-26 13:55:00-04:00,4090.10009765625,4090.699951171875,4088.699951171875,4089.60009765625,258
2026-06-26 14:00:00-04:00,4089.89990234375,4091.800048828125,4087.300048828125,4091.39990234375,325
2026-06-26 14:05:00-04:00,4090.89990234375,4094.0,4090.0,4092.199951171875,436
2026-06-26 14:10:00-04:00,4092.300048828125,4092.89990234375,4090.60009765625,4091.60009765625,164
2026-06-26 14:15:00-04:00,4091.5,4091.699951171875,4088.39990234375,4089.10009765625,144
2026-06-26 14:20:00-04:00,4089.10009765625,4089.39990234375,4086.0,4086.699951171875,388
2026-06-26 14:25:00-04:00,4086.800048828125,4088.699951171875,4086.60009765625,4088.300048828125,245
2026-06-26 14:30:00-04:00,4088.39990234375,4090.300048828125,4088.39990234375,4089.300048828125,157
2026-06-26 14:35:00-04:00,4089.199951171875,4089.39990234375,4087.5,4088.39990234375,100
2026-06-26 14:40:00-04:00,4088.89990234375,4088.89990234375,4086.5,4087.5,121
2026-06-26 14:45:00-04:00,4087.199951171875,4087.199951171875,4082.10009765625,4084.199951171875,435
2026-06-26 14:50:00-04:00,4084.39990234375,4085.60009765625,4083.300048828125,4085.10009765625,236
2026-06-26 14:55:00-04:00,4085.39990234375,4086.199951171875,4081.89990234375,4082.199951171875,298
2026-06-26 15:00:00-04:00,4082.0,4083.199951171875,4079.5,4080.199951171875,354
2026-06-26 15:05:00-04:00,4080.300048828125,4082.199951171875,4079.0,4081.39990234375,205
2026-06-26 15:10:00-04:00,4081.300048828125,4084.5,4080.699951171875,4084.0,210
2026-06-26 15:15:00-04:00,4084.39990234375,4084.39990234375,4081.800048828125,4082.800048828125,116
2026-06-26 15:20:00-04:00,4082.60009765625,4082.60009765625,4079.10009765625,4080.10009765625,448
2026-06-26 15:25:00-04:00,4080.60009765625,4082.300048828125,4079.800048828125,4080.800048828125,111
2026-06-26 15:30:00-04:00,4080.699951171875,4084.699951171875,4079.89990234375,4084.60009765625,302
2026-06-26 15:35:00-04:00,4084.699951171875,4085.60009765625,4082.5,4083.0,187
2026-06-26 15:40:00-04:00,4082.800048828125,4084.800048828125,4082.39990234375,4083.199951171875,213
2026-06-26 15:45:00-04:00,4083.0,4084.699951171875,4081.60009765625,4084.699951171875,306
2026-06-26 15:50:00-04:00,4084.699951171875,4088.800048828125,4084.5,4087.699951171875,397
2026-06-26 15:55:00-04:00,4087.800048828125,4089.0,4085.699951171875,4086.199951171875,486
2026-06-26 16:00:00-04:00,4086.39990234375,4087.199951171875,4085.199951171875,4085.800048828125,286
2026-06-26 16:05:00-04:00,4085.89990234375,4085.89990234375,4080.300048828125,4080.300048828125,159
2026-06-26 16:10:00-04:00,4080.800048828125,4082.60009765625,4079.0,4082.39990234375,134
2026-06-26 16:15:00-04:00,4081.60009765625,4082.800048828125,4080.5,4082.10009765625,245
2026-06-26 16:20:00-04:00,4082.39990234375,4085.699951171875,4081.60009765625,4085.699951171875,119
2026-06-26 16:25:00-04:00,4085.89990234375,4087.10009765625,4085.5,4086.60009765625,91
2026-06-26 16:30:00-04:00,4086.39990234375,4086.39990234375,4081.300048828125,4084.699951171875,147
2026-06-26 16:35:00-04:00,4083.5,4084.60009765625,4081.89990234375,4083.800048828125,73
2026-06-26 16:40:00-04:00,4084.10009765625,4085.300048828125,4083.300048828125,4085.300048828125,91
2026-06-26 16:45:00-04:00,4085.0,4090.5,4084.60009765625,4089.89990234375,173
2026-06-26 16:50:00-04:00,4089.89990234375,4096.39990234375,4087.699951171875,4095.800048828125,341
2026-06-26 16:55:00-04:00,4095.300048828125,4104.39990234375,4094.5,4096.2998046875,541
2026-06-28 18:10:00-04:00,4089.800048828125,4092.39990234375,4083.800048828125,4083.800048828125,319
2026-06-28 18:15:00-04:00,4084.10009765625,4084.300048828125,4067.10009765625,4074.39990234375,687
2026-06-28 18:20:00-04:00,4073.60009765625,4076.699951171875,4069.800048828125,4074.0,363
2026-06-28 18:25:00-04:00,4073.699951171875,4075.60009765625,4070.60009765625,4071.300048828125,371
2026-06-28 18:30:00-04:00,4070.89990234375,4076.89990234375,4070.199951171875,4071.199951171875,250
2026-06-28 18:35:00-04:00,4071.10009765625,4075.89990234375,4069.60009765625,4075.10009765625,191
2026-06-28 18:40:00-04:00,4075.60009765625,4079.60009765625,4075.60009765625,4077.699951171875,185
2026-06-28 18:45:00-04:00,4077.5,4083.199951171875,4077.39990234375,4083.199951171875,153
2026-06-28 18:50:00-04:00,4082.60009765625,4083.0,4076.199951171875,4079.0,176
2026-06-28 18:55:00-04:00,4078.699951171875,4083.5,4078.39990234375,4080.800048828125,255
2026-06-28 19:00:00-04:00,4080.199951171875,4084.300048828125,4079.60009765625,4082.10009765625,132
2026-06-28 19:05:00-04:00,4082.199951171875,4084.800048828125,4080.10009765625,4084.10009765625,98
2026-06-28 19:10:00-04:00,4083.800048828125,4083.800048828125,4079.5,4079.89990234375,75
2026-06-28 19:15:00-04:00,4079.39990234375,4079.39990234375,4073.39990234375,4074.199951171875,177
2026-06-28 19:20:00-04:00,4074.39990234375,4075.0,4070.0,4071.699951171875,211
2026-06-28 19:25:00-04:00,4071.60009765625,4072.60009765625,4069.199951171875,4071.199951171875,110
2026-06-28 19:30:00-04:00,4069.89990234375,4071.699951171875,4065.89990234375,4070.0,235
2026-06-28 19:35:00-04:00,4070.5,4076.60009765625,4069.89990234375,4075.199951171875,393
2026-06-28 19:40:00-04:00,4075.0,4077.199951171875,4074.39990234375,4077.199951171875,93
2026-06-28 19:45:00-04:00,4077.10009765625,4079.800048828125,4075.60009765625,4076.60009765625,210
2026-06-28 19:50:00-04:00,4076.60009765625,4080.39990234375,4075.300048828125,4078.89990234375,134
2026-06-28 19:55:00-04:00,4078.699951171875,4079.5,4076.699951171875,4076.699951171875,70
2026-06-28 20:00:00-04:00,4076.300048828125,4079.0,4071.5,4076.60009765625,281
2026-06-28 20:05:00-04:00,4076.39990234375,4076.60009765625,4068.10009765625,4072.199951171875,341
2026-06-28 20:10:00-04:00,4071.60009765625,4075.300048828125,4070.89990234375,4073.5,162
2026-06-28 20:15:00-04:00,4073.199951171875,4076.60009765625,4071.5,4072.39990234375,288
2026-06-28 20:20:00-04:00,4071.5,4072.800048828125,4064.60009765625,4067.0,427
2026-06-28 20:25:00-04:00,4067.0,4067.199951171875,4062.60009765625,4062.60009765625,330
2026-06-28 20:30:00-04:00,4062.800048828125,4069.39990234375,4062.800048828125,4068.699951171875,389
2026-06-28 20:35:00-04:00,4067.89990234375,4075.60009765625,4067.699951171875,4074.699951171875,304
2026-06-28 20:40:00-04:00,4075.0,4083.800048828125,4075.0,4083.300048828125,521
2026-06-28 20:45:00-04:00,4083.5,4083.5,4077.10009765625,4080.300048828125,367
2026-06-28 20:50:00-04:00,4080.39990234375,4083.89990234375,4078.699951171875,4083.89990234375,163
2026-06-28 20:55:00-04:00,4083.800048828125,4088.699951171875,4082.0,4083.89990234375,343
2026-06-28 21:00:00-04:00,4083.699951171875,4083.89990234375,4072.300048828125,4078.800048828125,671
2026-06-28 21:05:00-04:00,4077.5,4088.60009765625,4074.199951171875,4075.800048828125,475
2026-06-28 21:10:00-04:00,4076.5,4078.300048828125,4068.0,4069.5,438
2026-06-28 21:15:00-04:00,4069.199951171875,4075.300048828125,4069.10009765625,4071.0,429
2026-06-28 21:20:00-04:00,4072.89990234375,4077.300048828125,4072.0,4076.699951171875,138
2026-06-28 21:25:00-04:00,4075.89990234375,4080.60009765625,4073.60009765625,4074.300048828125,167
2026-06-28 21:30:00-04:00,4073.300048828125,4074.800048828125,4070.10009765625,4074.300048828125,234
2026-06-28 21:35:00-04:00,4075.0,4079.0,4074.5,4075.89990234375,107
2026-06-28 21:40:00-04:00,4076.60009765625,4081.0,4076.39990234375,4077.5,140
2026-06-28 21:45:00-04:00,4078.39990234375,4078.39990234375,4069.199951171875,4075.10009765625,320
2026-06-28 21:50:00-04:00,4074.800048828125,4075.699951171875,4071.10009765625,4075.39990234375,220
2026-06-28 21:55:00-04:00,4076.10009765625,4077.800048828125,4074.0,4075.800048828125,130
2026-06-28 22:00:00-04:00,4075.39990234375,4085.5,4073.699951171875,4080.39990234375,389
2026-06-28 22:05:00-04:00,4080.199951171875,4081.5,4074.199951171875,4076.39990234375,264
2026-06-28 22:10:00-04:00,4076.5,4081.199951171875,4074.89990234375,4076.0,239
2026-06-28 22:15:00-04:00,4075.60009765625,4083.60009765625,4074.89990234375,4082.300048828125,193
2026-06-28 22:20:00-04:00,4083.199951171875,4084.699951171875,4079.800048828125,4082.0,139
2026-06-28 22:25:00-04:00,4082.60009765625,4085.300048828125,4081.60009765625,4083.300048828125,136
2026-06-28 22:30:00-04:00,4083.39990234375,4086.5,4081.699951171875,4083.60009765625,209
2026-06-28 22:35:00-04:00,4082.699951171875,4083.10009765625,4074.199951171875,4075.199951171875,246
2026-06-28 22:40:00-04:00,4074.300048828125,4077.800048828125,4073.199951171875,4074.699951171875,287
2026-06-28 22:45:00-04:00,4075.5,4084.0,4073.60009765625,4082.10009765625,423
2026-06-28 22:50:00-04:00,4081.699951171875,4084.300048828125,4078.699951171875,4082.5,273
2026-06-28 22:55:00-04:00,4082.199951171875,4083.300048828125,4079.699951171875,4080.800048828125,104
2026-06-28 23:00:00-04:00,4081.10009765625,4082.300048828125,4079.89990234375,4080.5,52
2026-06-28 23:05:00-04:00,4081.0,4085.0,4080.300048828125,4084.5,66
2026-06-28 23:10:00-04:00,4083.89990234375,4085.300048828125,4080.199951171875,4083.800048828125,75
2026-06-28 23:15:00-04:00,4083.5,4086.39990234375,4082.300048828125,4083.699951171875,133
2026-06-28 23:20:00-04:00,4084.10009765625,4090.39990234375,4083.89990234375,4088.39990234375,176
2026-06-28 23:25:00-04:00,4087.699951171875,4087.89990234375,4085.89990234375,4087.0,56
2026-06-28 23:30:00-04:00,4087.39990234375,4088.5,4082.5,4084.300048828125,165
2026-06-28 23:35:00-04:00,4083.89990234375,4083.89990234375,4080.10009765625,4081.300048828125,160
2026-06-28 23:40:00-04:00,4081.5,4086.10009765625,4080.0,4082.5,256
2026-06-28 23:45:00-04:00,4081.39990234375,4082.60009765625,4081.0,4082.0,46
2026-06-28 23:50:00-04:00,4082.199951171875,4086.0,4081.300048828125,4084.5,96
2026-06-28 23:55:00-04:00,4084.300048828125,4084.300048828125,4082.5,4083.199951171875,44
2026-06-29 00:00:00-04:00,4082.800048828125,4083.199951171875,4079.5,4082.0,133
2026-06-29 00:05:00-04:00,4081.800048828125,4082.5,4079.5,4080.60009765625,45
2026-06-29 00:10:00-04:00,4080.300048828125,4081.199951171875,4078.5,4079.60009765625,136
2026-06-29 00:15:00-04:00,4079.60009765625,4079.800048828125,4076.5,4078.699951171875,83
2026-06-29 00:20:00-04:00,4078.60009765625,4079.0,4076.5,4077.89990234375,54
2026-06-29 00:25:00-04:00,4078.300048828125,4080.800048828125,4078.300048828125,4079.699951171875,140
2026-06-29 00:30:00-04:00,4079.60009765625,4079.699951171875,4074.60009765625,4075.199951171875,132
2026-06-29 00:35:00-04:00,4075.699951171875,4075.89990234375,4069.0,4069.0,427
2026-06-29 00:40:00-04:00,4069.300048828125,4071.89990234375,4066.89990234375,4071.39990234375,543
2026-06-29 00:45:00-04:00,4071.39990234375,4072.0,4069.800048828125,4071.0,116
2026-06-29 00:50:00-04:00,4071.0,4072.0,4068.10009765625,4068.10009765625,110
2026-06-29 00:55:00-04:00,4068.10009765625,4068.300048828125,4063.5,4065.699951171875,379
2026-06-29 01:00:00-04:00,4065.5,4068.800048828125,4061.10009765625,4068.60009765625,469
2026-06-29 01:05:00-04:00,4068.5,4071.699951171875,4064.89990234375,4066.5,369
2026-06-29 01:10:00-04:00,4066.89990234375,4070.300048828125,4066.699951171875,4069.89990234375,192
2026-06-29 01:15:00-04:00,4069.800048828125,4071.300048828125,4067.800048828125,4068.39990234375,230
2026-06-29 01:20:00-04:00,4068.60009765625,4070.60009765625,4063.199951171875,4065.0,301
2026-06-29 01:25:00-04:00,4064.5,4066.89990234375,4061.89990234375,4063.699951171875,239
2026-06-29 01:30:00-04:00,4063.5,4064.5,4054.10009765625,4059.5,1066
2026-06-29 01:35:00-04:00,4059.60009765625,4059.699951171875,4053.800048828125,4058.39990234375,332
2026-06-29 01:40:00-04:00,4058.39990234375,4066.0,4057.39990234375,4064.60009765625,365
2026-06-29 01:45:00-04:00,4065.300048828125,4067.5,4063.5,4064.10009765625,240
2026-06-29 01:50:00-04:00,4064.199951171875,4069.89990234375,4061.199951171875,4068.0,414
2026-06-29 01:55:00-04:00,4067.699951171875,4071.39990234375,4066.5,4069.0,392
2026-06-29 02:00:00-04:00,4068.60009765625,4075.0,4068.10009765625,4073.199951171875,491
2026-06-29 02:05:00-04:00,4073.199951171875,4078.5,4071.800048828125,4076.300048828125,598
2026-06-29 02:10:00-04:00,4075.60009765625,4076.89990234375,4071.699951171875,4073.89990234375,269
2026-06-29 02:15:00-04:00,4073.699951171875,4074.699951171875,4071.800048828125,4074.699951171875,297
2026-06-29 02:20:00-04:00,4074.10009765625,4074.60009765625,4071.699951171875,4072.699951171875,154
2026-06-29 02:25:00-04:00,4072.89990234375,4077.800048828125,4070.60009765625,4075.5,472
2026-06-29 02:30:00-04:00,4075.39990234375,4076.0,4070.0,4071.699951171875,269
2026-06-29 02:35:00-04:00,4071.800048828125,4074.699951171875,4069.60009765625,4073.800048828125,357
2026-06-29 02:40:00-04:00,4074.10009765625,4076.5,4073.5,4076.0,129
2026-06-29 02:45:00-04:00,4076.10009765625,4079.5,4074.60009765625,4077.800048828125,463
2026-06-29 02:50:00-04:00,4077.699951171875,4079.60009765625,4076.89990234375,4078.10009765625,242
2026-06-29 02:55:00-04:00,4077.89990234375,4078.89990234375,4076.39990234375,4077.0,198
2026-06-29 03:00:00-04:00,4077.5,4077.60009765625,4072.800048828125,4075.0,251
2026-06-29 03:05:00-04:00,4075.300048828125,4075.300048828125,4072.39990234375,4074.199951171875,131
2026-06-29 03:10:00-04:00,4074.199951171875,4075.89990234375,4070.699951171875,4073.60009765625,231
2026-06-29 03:15:00-04:00,4074.0,4077.300048828125,4072.89990234375,4075.0,202
2026-06-29 03:20:00-04:00,4075.199951171875,4077.10009765625,4073.0,4077.10009765625,144
2026-06-29 03:25:00-04:00,4076.89990234375,4081.10009765625,4075.300048828125,4080.60009765625,341
2026-06-29 03:30:00-04:00,4080.89990234375,4080.89990234375,4077.5,4077.800048828125,152
2026-06-29 03:35:00-04:00,4077.300048828125,4078.199951171875,4076.0,4077.699951171875,178
2026-06-29 03:40:00-04:00,4078.0,4079.5,4075.699951171875,4077.10009765625,140
2026-06-29 03:45:00-04:00,4077.0,4079.10009765625,4075.39990234375,4077.5,210
2026-06-29 03:50:00-04:00,4077.800048828125,4083.199951171875,4077.60009765625,4078.800048828125,522
2026-06-29 03:55:00-04:00,4079.199951171875,4080.800048828125,4075.89990234375,4076.300048828125,198
2026-06-29 04:00:00-04:00,4075.699951171875,4078.699951171875,4074.89990234375,4077.10009765625,169
2026-06-29 04:05:00-04:00,4077.5,4080.60009765625,4076.60009765625,4078.10009765625,150
2026-06-29 04:10:00-04:00,4078.0,4078.89990234375,4076.5,4078.5,85
2026-06-29 04:15:00-04:00,4078.39990234375,4080.0,4076.300048828125,4078.300048828125,101
2026-06-29 04:20:00-04:00,4077.89990234375,4077.89990234375,4075.10009765625,4076.800048828125,153
2026-06-29 04:25:00-04:00,4077.10009765625,4078.10009765625,4074.39990234375,4075.5,260
2026-06-29 04:30:00-04:00,4075.300048828125,4081.0,4075.300048828125,4078.199951171875,227
2026-06-29 04:35:00-04:00,4077.800048828125,4078.39990234375,4074.800048828125,4076.60009765625,135
2026-06-29 04:40:00-04:00,4076.800048828125,4076.800048828125,4068.800048828125,4069.89990234375,984
2026-06-29 04:45:00-04:00,4069.60009765625,4071.5,4067.39990234375,4069.300048828125,276
2026-06-29 04:50:00-04:00,4069.5,4069.800048828125,4065.60009765625,4066.0,470
2026-06-29 04:55:00-04:00,4065.699951171875,4066.699951171875,4057.5,4060.89990234375,939
2026-06-29 05:00:00-04:00,4061.300048828125,4064.5,4059.199951171875,4063.300048828125,412
2026-06-29 05:05:00-04:00,4063.60009765625,4069.39990234375,4063.199951171875,4066.89990234375,410
2026-06-29 05:10:00-04:00,4067.0,4067.89990234375,4062.5,4064.5,330
2026-06-29 05:15:00-04:00,4063.699951171875,4067.5,4063.0,4065.699951171875,201
2026-06-29 05:20:00-04:00,4065.699951171875,4065.699951171875,4060.800048828125,4062.10009765625,439
2026-06-29 05:25:00-04:00,4061.800048828125,4062.89990234375,4059.300048828125,4061.199951171875,664
2026-06-29 05:30:00-04:00,4061.60009765625,4064.699951171875,4055.60009765625,4059.60009765625,1677
2026-06-29 05:35:00-04:00,4059.39990234375,4059.60009765625,4055.0,4057.39990234375,473
2026-06-29 05:40:00-04:00,4057.39990234375,4058.39990234375,4054.39990234375,4057.60009765625,368
2026-06-29 05:45:00-04:00,4057.5,4058.300048828125,4051.300048828125,4054.300048828125,558
2026-06-29 05:50:00-04:00,4053.699951171875,4053.699951171875,4046.39990234375,4048.199951171875,1136
2026-06-29 05:55:00-04:00,4048.300048828125,4050.699951171875,4038.10009765625,4045.800048828125,1269
2026-06-29 06:00:00-04:00,4046.5,4047.89990234375,4041.5,4044.0,476
2026-06-29 06:05:00-04:00,4043.89990234375,4046.800048828125,4043.800048828125,4046.300048828125,361
2026-06-29 06:10:00-04:00,4046.39990234375,4053.89990234375,4046.39990234375,4053.199951171875,602
2026-06-29 06:15:00-04:00,4052.39990234375,4052.800048828125,4047.10009765625,4049.800048828125,528
2026-06-29 06:20:00-04:00,4049.800048828125,4052.699951171875,4048.800048828125,4052.0,280
2026-06-29 06:25:00-04:00,4051.5,4053.10009765625,4050.800048828125,4051.39990234375,245
2026-06-29 06:30:00-04:00,4051.800048828125,4052.699951171875,4046.10009765625,4047.89990234375,579
2026-06-29 06:35:00-04:00,4047.800048828125,4052.800048828125,4045.89990234375,4052.39990234375,499
2026-06-29 06:40:00-04:00,4052.5,4053.0,4047.699951171875,4049.199951171875,448
2026-06-29 06:45:00-04:00,4048.800048828125,4049.699951171875,4046.800048828125,4049.39990234375,303
2026-06-29 06:50:00-04:00,4049.10009765625,4052.699951171875,4048.300048828125,4052.699951171875,368
2026-06-29 06:55:00-04:00,4052.199951171875,4052.5,4049.800048828125,4051.10009765625,318
2026-06-29 07:00:00-04:00,4051.699951171875,4053.0,4049.699951171875,4050.800048828125,175
2026-06-29 07:05:00-04:00,4051.0,4052.199951171875,4049.699951171875,4051.5,131
2026-06-29 07:10:00-04:00,4051.10009765625,4051.10009765625,4046.89990234375,4049.0,192
2026-06-29 07:15:00-04:00,4049.0,4050.5,4047.5,4047.89990234375,246
2026-06-29 07:20:00-04:00,4047.5,4048.800048828125,4043.5,4043.5,255
2026-06-29 07:25:00-04:00,4043.39990234375,4046.199951171875,4041.5,4046.199951171875,396
2026-06-29 07:30:00-04:00,4046.39990234375,4052.89990234375,4044.10009765625,4049.699951171875,796
2026-06-29 07:35:00-04:00,4049.699951171875,4050.0,4046.10009765625,4046.800048828125,177
2026-06-29 07:40:00-04:00,4046.60009765625,4050.89990234375,4046.5,4049.199951171875,184
2026-06-29 07:45:00-04:00,4049.800048828125,4052.39990234375,4049.10009765625,4049.39990234375,294
2026-06-29 07:50:00-04:00,4049.89990234375,4053.10009765625,4049.800048828125,4052.39990234375,245
2026-06-29 07:55:00-04:00,4052.5,4056.699951171875,4051.60009765625,4053.300048828125,311
2026-06-29 08:00:00-04:00,4053.5,4062.39990234375,4052.5,4059.89990234375,941
2026-06-29 08:05:00-04:00,4060.300048828125,4062.699951171875,4058.5,4062.39990234375,438
2026-06-29 08:10:00-04:00,4062.60009765625,4067.0,4061.699951171875,4061.800048828125,586
2026-06-29 08:15:00-04:00,4062.199951171875,4064.199951171875,4057.60009765625,4057.60009765625,469
2026-06-29 08:20:00-04:00,4058.10009765625,4060.10009765625,4052.0,4053.800048828125,925
2026-06-29 08:25:00-04:00,4053.699951171875,4055.300048828125,4051.800048828125,4052.5,346
2026-06-29 08:30:00-04:00,4052.60009765625,4058.39990234375,4051.800048828125,4057.39990234375,419
2026-06-29 08:35:00-04:00,4057.89990234375,4061.5,4057.60009765625,4059.10009765625,419
2026-06-29 08:40:00-04:00,4059.39990234375,4060.89990234375,4055.60009765625,4058.89990234375,287
2026-06-29 08:45:00-04:00,4059.0,4061.300048828125,4056.5,4057.5,239
2026-06-29 08:50:00-04:00,4057.89990234375,4062.300048828125,4057.89990234375,4058.699951171875,360
2026-06-29 08:55:00-04:00,4058.5,4059.5,4056.39990234375,4057.800048828125,280
2026-06-29 09:00:00-04:00,4057.800048828125,4066.199951171875,4057.699951171875,4065.0,627
2026-06-29 09:05:00-04:00,4065.10009765625,4065.89990234375,4060.0,4060.39990234375,327
2026-06-29 09:10:00-04:00,4060.300048828125,4064.10009765625,4058.800048828125,4061.39990234375,336
2026-06-29 09:15:00-04:00,4061.39990234375,4064.0,4060.300048828125,4063.5,197
2026-06-29 09:20:00-04:00,4063.199951171875,4063.5,4057.39990234375,4058.10009765625,414
2026-06-29 09:25:00-04:00,4057.89990234375,4057.89990234375,4052.0,4052.0,505
2026-06-29 09:30:00-04:00,4052.300048828125,4058.800048828125,4050.60009765625,4057.300048828125,767
2026-06-29 09:35:00-04:00,4057.199951171875,4058.199951171875,4048.10009765625,4050.5,768
2026-06-29 09:40:00-04:00,4050.10009765625,4056.199951171875,4049.300048828125,4052.60009765625,580
2026-06-29 09:45:00-04:00,4052.39990234375,4054.5,4047.300048828125,4049.300048828125,495
2026-06-29 09:50:00-04:00,4048.5,4050.5,4044.39990234375,4046.10009765625,531
2026-06-29 09:55:00-04:00,4046.10009765625,4047.60009765625,4042.199951171875,4046.39990234375,994
2026-06-29 10:00:00-04:00,4046.60009765625,4049.60009765625,4036.199951171875,4041.39990234375,1451
2026-06-29 10:05:00-04:00,4041.0,4042.10009765625,4028.199951171875,4029.800048828125,2556
2026-06-29 10:10:00-04:00,4029.89990234375,4031.800048828125,4021.60009765625,4022.800048828125,1801
2026-06-29 10:15:00-04:00,4022.300048828125,4033.0,4012.0,4031.39990234375,3902
2026-06-29 10:20:00-04:00,4031.800048828125,4034.800048828125,4029.300048828125,4034.39990234375,1313
2026-06-29 10:25:00-04:00,4034.39990234375,4042.60009765625,4034.300048828125,4038.89990234375,1612
2026-06-29 10:30:00-04:00,4038.800048828125,4042.39990234375,4037.60009765625,4040.5,549
2026-06-29 10:35:00-04:00,4040.89990234375,4042.0,4035.60009765625,4038.10009765625,505
2026-06-29 10:40:00-04:00,4037.699951171875,4038.300048828125,4034.10009765625,4034.89990234375,369
2026-06-29 10:45:00-04:00,4035.300048828125,4037.800048828125,4031.89990234375,4033.89990234375,671
2026-06-29 10:50:00-04:00,4033.39990234375,4041.39990234375,4033.10009765625,4040.300048828125,716
2026-06-29 10:55:00-04:00,4040.39990234375,4044.699951171875,4037.699951171875,4039.5,641
2026-06-29 11:00:00-04:00,4039.89990234375,4040.300048828125,4035.0,4035.800048828125,356
2026-06-29 11:05:00-04:00,4035.10009765625,4039.0,4034.60009765625,4037.199951171875,249
2026-06-29 11:10:00-04:00,4037.39990234375,4038.39990234375,4033.10009765625,4035.39990234375,512
2026-06-29 11:15:00-04:00,4035.699951171875,4041.699951171875,4035.199951171875,4036.10009765625,667
2026-06-29 11:20:00-04:00,4036.300048828125,4036.39990234375,4030.5,4032.0,779
2026-06-29 11:25:00-04:00,4032.300048828125,4038.89990234375,4031.60009765625,4038.39990234375,636
2026-06-29 11:30:00-04:00,4038.60009765625,4040.89990234375,4037.10009765625,4037.60009765625,618
2026-06-29 11:35:00-04:00,4037.199951171875,4039.10009765625,4031.5,4036.89990234375,972
2026-06-29 11:40:00-04:00,4037.0,4037.800048828125,4035.60009765625,4037.199951171875,242
2026-06-29 11:45:00-04:00,4037.0,4042.0,4036.39990234375,4041.199951171875,768
2026-06-29 11:50:00-04:00,4041.10009765625,4044.10009765625,4040.0,4042.800048828125,458
2026-06-29 11:55:00-04:00,4042.5,4045.0,4041.300048828125,4041.5,594
2026-06-29 12:00:00-04:00,4041.5,4043.300048828125,4040.0,4040.699951171875,553
2026-06-29 12:05:00-04:00,4040.60009765625,4042.10009765625,4038.699951171875,4041.800048828125,304
2026-06-29 12:10:00-04:00,4041.60009765625,4042.10009765625,4037.89990234375,4038.39990234375,271
2026-06-29 12:15:00-04:00,4038.199951171875,4040.199951171875,4036.300048828125,4040.0,477
2026-06-29 12:20:00-04:00,4039.60009765625,4041.199951171875,4039.199951171875,4040.60009765625,127
2026-06-29 12:25:00-04:00,4040.10009765625,4040.199951171875,4037.800048828125,4038.199951171875,146
2026-06-29 12:30:00-04:00,4038.300048828125,4039.0,4033.0,4033.699951171875,521
2026-06-29 12:35:00-04:00,4034.10009765625,4036.199951171875,4033.800048828125,4035.699951171875,161
2026-06-29 12:40:00-04:00,4035.5,4036.699951171875,4034.0,4035.699951171875,240
2026-06-29 12:45:00-04:00,4035.60009765625,4040.5,4035.300048828125,4040.5,595
2026-06-29 12:50:00-04:00,4040.699951171875,4042.5,4039.800048828125,4040.39990234375,291
2026-06-29 12:55:00-04:00,4040.0,4041.10009765625,4038.0,4038.39990234375,220
2026-06-29 13:00:00-04:00,4038.5,4040.39990234375,4037.800048828125,4039.60009765625,308
2026-06-29 13:05:00-04:00,4040.199951171875,4046.39990234375,4040.199951171875,4045.0,307
2026-06-29 13:10:00-04:00,4045.0,4046.699951171875,4042.300048828125,4043.60009765625,706
2026-06-29 13:15:00-04:00,4043.39990234375,4045.300048828125,4042.89990234375,4044.800048828125,457
2026-06-29 13:20:00-04:00,4044.89990234375,4044.89990234375,4041.199951171875,4041.800048828125,419
2026-06-29 13:25:00-04:00,4041.300048828125,4041.699951171875,4036.89990234375,4038.300048828125,1783
2026-06-29 13:30:00-04:00,4038.5,4038.699951171875,4035.199951171875,4038.10009765625,361
2026-06-29 13:35:00-04:00,4038.0,4038.89990234375,4036.699951171875,4038.300048828125,151
2026-06-29 13:40:00-04:00,4038.0,4038.89990234375,4036.199951171875,4036.300048828125,131
2026-06-29 13:45:00-04:00,4036.699951171875,4036.89990234375,4034.89990234375,4035.5,230
2026-06-29 13:50:00-04:00,4036.199951171875,4037.10009765625,4034.0,4035.800048828125,291
2026-06-29 13:55:00-04:00,4035.800048828125,4036.300048828125,4033.800048828125,4035.300048828125,133
2026-06-29 14:00:00-04:00,4035.699951171875,4038.699951171875,4035.0,4038.199951171875,160
2026-06-29 14:05:00-04:00,4038.199951171875,4038.199951171875,4036.5,4037.10009765625,58
2026-06-29 14:10:00-04:00,4037.39990234375,4039.10009765625,4037.39990234375,4038.699951171875,84
2026-06-29 14:15:00-04:00,4038.5,4040.0,4037.199951171875,4039.5,217
2026-06-29 14:20:00-04:00,4039.199951171875,4039.89990234375,4038.5,4039.5,68
2026-06-29 14:25:00-04:00,4039.0,4039.0,4034.800048828125,4035.699951171875,331
2026-06-29 14:30:00-04:00,4035.699951171875,4036.10009765625,4034.5,4035.10009765625,204
2026-06-29 14:35:00-04:00,4035.10009765625,4035.60009765625,4034.199951171875,4035.300048828125,134
2026-06-29 14:40:00-04:00,4035.199951171875,4035.89990234375,4033.89990234375,4035.300048828125,221
2026-06-29 14:45:00-04:00,4035.39990234375,4035.60009765625,4030.0,4030.0,469
2026-06-29 14:50:00-04:00,4030.39990234375,4032.39990234375,4030.0,4032.0,185
2026-06-29 14:55:00-04:00,4031.89990234375,4031.89990234375,4026.10009765625,4027.800048828125,361
2026-06-29 15:00:00-04:00,4027.699951171875,4029.10009765625,4024.199951171875,4024.300048828125,272
2026-06-29 15:05:00-04:00,4024.199951171875,4026.199951171875,4023.89990234375,4026.10009765625,237
2026-06-29 15:10:00-04:00,4025.89990234375,4026.39990234375,4022.199951171875,4022.300048828125,457
2026-06-29 15:15:00-04:00,4022.199951171875,4023.39990234375,4019.199951171875,4023.39990234375,541
2026-06-29 15:20:00-04:00,4023.10009765625,4027.0,4022.89990234375,4026.10009765625,514
2026-06-29 15:25:00-04:00,4026.10009765625,4031.5,4026.10009765625,4031.5,309
2026-06-29 15:30:00-04:00,4031.5,4034.39990234375,4031.10009765625,4032.0,238
2026-06-29 15:35:00-04:00,4032.199951171875,4033.5,4031.199951171875,4031.60009765625,135
2026-06-29 15:40:00-04:00,4031.699951171875,4033.0,4030.89990234375,4032.5,102
2026-06-29 15:45:00-04:00,4032.60009765625,4033.0,4029.300048828125,4029.39990234375,197
2026-06-29 15:50:00-04:00,4029.60009765625,4029.89990234375,4027.5,4028.300048828125,220
2026-06-29 15:55:00-04:00,4028.199951171875,4031.5,4027.10009765625,4030.39990234375,411
2026-06-29 16:00:00-04:00,4030.60009765625,4030.60009765625,4028.699951171875,4030.0,134
2026-06-29 16:05:00-04:00,4029.60009765625,4030.300048828125,4027.199951171875,4028.800048828125,132
2026-06-29 16:10:00-04:00,4029.0,4029.39990234375,4028.199951171875,4028.800048828125,50
2026-06-29 16:15:00-04:00,4029.0,4031.199951171875,4029.0,4031.199951171875,135
2026-06-29 16:20:00-04:00,4031.199951171875,4031.5,4030.5,4031.0,27
2026-06-29 16:25:00-04:00,4030.89990234375,4032.5,4030.800048828125,4032.5,58
2026-06-29 16:30:00-04:00,4032.5,4032.5,4030.699951171875,4031.60009765625,59
2026-06-29 16:35:00-04:00,4031.39990234375,4031.39990234375,4029.300048828125,4029.39990234375,48
2026-06-29 16:40:00-04:00,4029.39990234375,4030.199951171875,4029.199951171875,4030.199951171875,41
2026-06-29 16:45:00-04:00,4030.0,4030.5,4029.0,4029.300048828125,45
2026-06-29 16:50:00-04:00,4029.300048828125,4031.800048828125,4029.10009765625,4031.199951171875,119
2026-06-29 16:55:00-04:00,4031.199951171875,4031.89990234375,4030.300048828125,4030.5,90
2026-06-29 18:00:00-04:00,4032.5,4035.199951171875,4031.10009765625,4032.89990234375,0
2026-06-29 18:05:00-04:00,4033.0,4035.5,4030.699951171875,4035.5,76
2026-06-29 18:10:00-04:00,4035.300048828125,4036.5,4032.0,4032.0,78
2026-06-29 18:15:00-04:00,4032.800048828125,4034.199951171875,4031.89990234375,4033.89990234375,220
2026-06-29 18:20:00-04:00,4034.300048828125,4034.800048828125,4031.39990234375,4031.60009765625,174
2026-06-29 18:25:00-04:00,4031.5,4031.5,4029.5,4029.89990234375,151
2026-06-29 18:30:00-04:00,4029.800048828125,4029.800048828125,4027.300048828125,4028.10009765625,106
2026-06-29 18:35:00-04:00,4027.699951171875,4028.5,4026.199951171875,4026.699951171875,90
2026-06-29 18:40:00-04:00,4026.39990234375,4028.699951171875,4024.300048828125,4024.300048828125,276
2026-06-29 18:45:00-04:00,4024.199951171875,4028.60009765625,4023.5,4028.300048828125,239
2026-06-29 18:50:00-04:00,4028.300048828125,4030.800048828125,4027.300048828125,4029.800048828125,204
2026-06-29 18:55:00-04:00,4030.0,4031.300048828125,4027.0,4028.39990234375,395
2026-06-29 19:00:00-04:00,4029.0,4032.699951171875,4028.199951171875,4032.10009765625,194
2026-06-29 19:05:00-04:00,4032.10009765625,4035.60009765625,4031.699951171875,4033.199951171875,146
2026-06-29 19:10:00-04:00,4034.199951171875,4035.39990234375,4033.89990234375,4035.10009765625,78
2026-06-29 19:15:00-04:00,4034.800048828125,4036.699951171875,4034.5,4035.0,135
2026-06-29 19:20:00-04:00,4035.60009765625,4035.699951171875,4032.199951171875,4032.60009765625,172
2026-06-29 19:25:00-04:00,4032.300048828125,4032.5,4030.0,4031.10009765625,123
2026-06-29 19:30:00-04:00,4030.60009765625,4035.60009765625,4029.800048828125,4033.10009765625,234
2026-06-29 19:35:00-04:00,4033.10009765625,4034.0,4032.60009765625,4033.10009765625,68
2026-06-29 19:40:00-04:00,4032.699951171875,4032.699951171875,4027.39990234375,4029.199951171875,201
2026-06-29 19:45:00-04:00,4029.0,4031.199951171875,4027.60009765625,4030.0,155
2026-06-29 19:50:00-04:00,4031.5,4032.10009765625,4029.39990234375,4029.60009765625,29
2026-06-29 19:55:00-04:00,4028.800048828125,4029.800048828125,4028.0,4029.39990234375,62
2026-06-29 20:00:00-04:00,4028.60009765625,4028.89990234375,4021.199951171875,4022.10009765625,229
2026-06-29 20:05:00-04:00,4022.0,4022.0,4017.10009765625,4018.199951171875,470
2026-06-29 20:10:00-04:00,4018.60009765625,4027.5,4018.60009765625,4024.699951171875,432
2026-06-29 20:15:00-04:00,4024.0,4025.199951171875,4018.300048828125,4020.0,171
2026-06-29 20:20:00-04:00,4019.89990234375,4023.10009765625,4019.39990234375,4021.89990234375,103
2026-06-29 20:25:00-04:00,4022.39990234375,4022.60009765625,4017.699951171875,4019.60009765625,115
2026-06-29 20:30:00-04:00,4020.39990234375,4020.39990234375,4014.199951171875,4015.89990234375,325
2026-06-29 20:35:00-04:00,4015.39990234375,4016.10009765625,4008.0,4009.10009765625,1015
2026-06-29 20:40:00-04:00,4009.199951171875,4011.199951171875,4004.199951171875,4005.0,675
2026-06-29 20:45:00-04:00,4005.60009765625,4007.60009765625,4003.89990234375,4005.699951171875,238
2026-06-29 20:50:00-04:00,4006.300048828125,4007.199951171875,4004.0,4005.5,172
2026-06-29 20:55:00-04:00,4005.199951171875,4005.199951171875,3992.60009765625,4001.300048828125,1643
2026-06-29 21:00:00-04:00,4000.5,4000.800048828125,3988.800048828125,3993.39990234375,909
2026-06-29 21:05:00-04:00,3992.5,3993.0,3955.39990234375,3976.89990234375,5117
2026-06-29 21:10:00-04:00,3978.0,3983.0,3968.0,3971.699951171875,1054
2026-06-29 21:15:00-04:00,3971.60009765625,3984.800048828125,3963.60009765625,3983.89990234375,1423
2026-06-29 21:20:00-04:00,3983.800048828125,3988.800048828125,3979.89990234375,3983.5,927
2026-06-29 21:25:00-04:00,3983.89990234375,3994.199951171875,3981.699951171875,3992.10009765625,799
2026-06-29 21:30:00-04:00,3992.10009765625,3993.10009765625,3987.89990234375,3989.199951171875,439
2026-06-29 21:35:00-04:00,3989.699951171875,3990.5,3983.300048828125,3984.10009765625,572
2026-06-29 21:40:00-04:00,3985.0,3986.300048828125,3979.39990234375,3982.5,794
2026-06-29 21:45:00-04:00,3981.800048828125,3986.89990234375,3974.5,3976.10009765625,981
2026-06-29 21:50:00-04:00,3976.10009765625,3980.10009765625,3974.89990234375,3976.800048828125,488
2026-06-29 21:55:00-04:00,3977.300048828125,3983.199951171875,3975.60009765625,3982.699951171875,359
2026-06-29 22:00:00-04:00,3982.39990234375,3986.800048828125,3979.699951171875,3982.699951171875,668
2026-06-29 22:05:00-04:00,3982.800048828125,3984.39990234375,3971.89990234375,3972.300048828125,658
2026-06-29 22:10:00-04:00,3972.10009765625,3973.699951171875,3965.5,3971.0,802
2026-06-29 22:15:00-04:00,3971.300048828125,3975.39990234375,3969.39990234375,3974.199951171875,325
2026-06-29 22:20:00-04:00,3973.89990234375,3977.60009765625,3969.300048828125,3976.699951171875,389
2026-06-29 22:25:00-04:00,3976.300048828125,3979.0,3973.5,3975.5,488
2026-06-29 22:30:00-04:00,3975.0,3976.5,3969.699951171875,3971.60009765625,225
2026-06-29 22:35:00-04:00,3972.300048828125,3976.10009765625,3967.39990234375,3976.10009765625,368
2026-06-29 22:40:00-04:00,3975.5,3977.0,3970.199951171875,3972.60009765625,225
2026-06-29 22:45:00-04:00,3973.0,3977.60009765625,3972.5,3976.800048828125,199
2026-06-29 22:50:00-04:00,3977.10009765625,3983.800048828125,3976.300048828125,3979.5,404
2026-06-29 22:55:00-04:00,3979.699951171875,3980.199951171875,3972.800048828125,3975.800048828125,307
2026-06-29 23:00:00-04:00,3976.10009765625,3982.800048828125,3976.0,3981.39990234375,343
2026-06-29 23:05:00-04:00,3981.300048828125,3982.10009765625,3978.60009765625,3980.5,203
2026-06-29 23:10:00-04:00,3980.60009765625,3982.89990234375,3978.89990234375,3979.800048828125,361
2026-06-29 23:15:00-04:00,3979.300048828125,3984.199951171875,3979.199951171875,3983.0,180
2026-06-29 23:20:00-04:00,3982.800048828125,3984.199951171875,3978.199951171875,3979.300048828125,437
2026-06-29 23:25:00-04:00,3978.5,3981.199951171875,3976.199951171875,3979.10009765625,388
2026-06-29 23:30:00-04:00,3979.10009765625,3980.0,3973.10009765625,3974.0,288
2026-06-29 23:35:00-04:00,3974.0,3979.0,3974.0,3977.89990234375,76
2026-06-29 23:40:00-04:00,3977.699951171875,3978.300048828125,3975.39990234375,3976.39990234375,102
2026-06-29 23:45:00-04:00,3977.10009765625,3981.5,3977.0,3981.0,148
2026-06-29 23:50:00-04:00,3981.60009765625,3983.199951171875,3980.0,3980.5,157
2026-06-29 23:55:00-04:00,3979.60009765625,3984.0,3979.0,3983.800048828125,157
2026-06-30 00:00:00-04:00,3982.5,3988.10009765625,3982.10009765625,3984.800048828125,371
2026-06-30 00:05:00-04:00,3984.0,3984.60009765625,3981.300048828125,3982.10009765625,166
2026-06-30 00:10:00-04:00,3982.5,3986.60009765625,3981.5,3985.800048828125,201
2026-06-30 00:15:00-04:00,3986.0,3988.5,3985.199951171875,3987.699951171875,232
2026-06-30 00:20:00-04:00,3988.0,3990.89990234375,3987.89990234375,3990.60009765625,235
2026-06-30 00:25:00-04:00,3990.699951171875,3997.10009765625,3990.699951171875,3995.800048828125,379
2026-06-30 00:30:00-04:00,3995.800048828125,4010.10009765625,3995.800048828125,4009.5,998
2026-06-30 00:35:00-04:00,4010.0,4011.60009765625,4005.89990234375,4006.300048828125,658
2026-06-30 00:40:00-04:00,4005.800048828125,4006.5,4000.699951171875,4002.199951171875,386
2026-06-30 00:45:00-04:00,4002.199951171875,4003.60009765625,3997.199951171875,4002.800048828125,405
2026-06-30 00:50:00-04:00,4002.699951171875,4005.0,4001.800048828125,4001.89990234375,302
2026-06-30 00:55:00-04:00,4001.699951171875,4002.39990234375,3999.199951171875,3999.199951171875,126
2026-06-30 01:00:00-04:00,3999.699951171875,4002.39990234375,3997.800048828125,4001.89990234375,206
2026-06-30 01:05:00-04:00,4001.10009765625,4004.300048828125,3999.60009765625,4001.199951171875,184
2026-06-30 01:10:00-04:00,4001.89990234375,4001.89990234375,3997.800048828125,3998.800048828125,100
2026-06-30 01:15:00-04:00,3998.699951171875,3999.199951171875,3994.39990234375,3994.39990234375,222
2026-06-30 01:20:00-04:00,3994.699951171875,3999.5,3993.300048828125,3999.0,240
2026-06-30 01:25:00-04:00,3999.0,4001.300048828125,3992.89990234375,3996.199951171875,284
2026-06-30 01:30:00-04:00,3996.300048828125,3996.5,3989.5,3990.5,447
2026-06-30 01:35:00-04:00,3990.699951171875,3996.10009765625,3988.60009765625,3995.699951171875,191
2026-06-30 01:40:00-04:00,3995.60009765625,3998.60009765625,3992.5,3992.5,296
2026-06-30 01:45:00-04:00,3992.699951171875,3995.300048828125,3991.300048828125,3993.39990234375,153
2026-06-30 01:50:00-04:00,3993.0,3995.300048828125,3989.800048828125,3994.0,201
2026-06-30 01:55:00-04:00,3994.199951171875,3994.39990234375,3990.699951171875,3991.10009765625,104
2026-06-30 02:00:00-04:00,3991.5,4000.0,3991.5,3998.10009765625,266
2026-06-30 02:05:00-04:00,3997.89990234375,4003.39990234375,3997.89990234375,4000.699951171875,320
2026-06-30 02:10:00-04:00,4000.39990234375,4001.199951171875,3998.5,4001.199951171875,193
2026-06-30 02:15:00-04:00,4000.89990234375,4001.60009765625,3997.39990234375,4000.199951171875,197
2026-06-30 02:20:00-04:00,4000.10009765625,4017.0,3999.199951171875,4013.5,899
2026-06-30 02:25:00-04:00,4013.300048828125,4027.10009765625,4010.60009765625,4025.5,1271
2026-06-30 02:30:00-04:00,4025.300048828125,4045.10009765625,4024.199951171875,4044.10009765625,1801
2026-06-30 02:35:00-04:00,4043.89990234375,4047.800048828125,4035.10009765625,4035.800048828125,1027
2026-06-30 02:40:00-04:00,4035.699951171875,4042.5,4035.10009765625,4039.10009765625,766
2026-06-30 02:45:00-04:00,4038.300048828125,4047.5,4037.10009765625,4045.60009765625,709
2026-06-30 02:50:00-04:00,4045.300048828125,4046.0,4040.39990234375,4041.10009765625,514
2026-06-30 02:55:00-04:00,4041.10009765625,4046.199951171875,4040.60009765625,4043.5,476
2026-06-30 03:00:00-04:00,4043.699951171875,4043.89990234375,4038.89990234375,4040.5,453
2026-06-30 03:05:00-04:00,4041.0,4044.0,4038.0,4041.89990234375,280
2026-06-30 03:10:00-04:00,4041.60009765625,4041.60009765625,4037.5,4039.300048828125,292
2026-06-30 03:15:00-04:00,4040.0,4044.5,4039.39990234375,4043.199951171875,257
2026-06-30 03:20:00-04:00,4043.10009765625,4046.10009765625,4040.89990234375,4044.699951171875,569
2026-06-30 03:25:00-04:00,4045.10009765625,4048.699951171875,4042.300048828125,4042.300048828125,515
2026-06-30 03:30:00-04:00,4042.699951171875,4045.89990234375,4040.10009765625,4045.5,322
2026-06-30 03:35:00-04:00,4045.5,4046.300048828125,4041.39990234375,4045.39990234375,298
2026-06-30 03:40:00-04:00,4044.0,4044.39990234375,4041.699951171875,4042.800048828125,166
2026-06-30 03:45:00-04:00,4042.60009765625,4045.0,4040.800048828125,4042.300048828125,140
2026-06-30 03:50:00-04:00,4041.199951171875,4044.5,4039.60009765625,4043.89990234375,201
2026-06-30 03:55:00-04:00,4044.199951171875,4047.199951171875,4043.699951171875,4046.300048828125,298
2026-06-30 04:00:00-04:00,4046.39990234375,4050.60009765625,4045.60009765625,4049.699951171875,603
2026-06-30 04:05:00-04:00,4049.699951171875,4051.800048828125,4040.199951171875,4041.5,522
2026-06-30 04:10:00-04:00,4041.300048828125,4041.89990234375,4035.39990234375,4038.0,581
2026-06-30 04:15:00-04:00,4038.199951171875,4038.199951171875,4034.5,4035.89990234375,434
2026-06-30 04:20:00-04:00,4035.800048828125,4039.699951171875,4033.89990234375,4035.0,434
2026-06-30 04:25:00-04:00,4034.89990234375,4040.39990234375,4034.800048828125,4039.89990234375,251
2026-06-30 04:30:00-04:00,4040.0,4040.699951171875,4037.10009765625,4037.199951171875,207
2026-06-30 04:35:00-04:00,4036.89990234375,4037.199951171875,4032.300048828125,4033.10009765625,242
2026-06-30 04:40:00-04:00,4033.0,4033.39990234375,4029.199951171875,4031.60009765625,615
2026-06-30 04:45:00-04:00,4031.699951171875,4033.5,4030.60009765625,4032.39990234375,249
2026-06-30 04:50:00-04:00,4032.60009765625,4033.699951171875,4027.199951171875,4030.300048828125,500
2026-06-30 04:55:00-04:00,4030.60009765625,4031.10009765625,4028.10009765625,4029.0,231
2026-06-30 05:00:00-04:00,4029.0,4033.0,4028.300048828125,4033.0,226
2026-06-30 05:05:00-04:00,4033.199951171875,4035.699951171875,4032.699951171875,4032.699951171875,478
2026-06-30 05:10:00-04:00,4032.800048828125,4034.0,4030.800048828125,4032.39990234375,88
2026-06-30 05:15:00-04:00,4032.199951171875,4033.300048828125,4031.199951171875,4031.89990234375,75
2026-06-30 05:20:00-04:00,4032.300048828125,4037.0,4031.89990234375,4032.800048828125,613
2026-06-30 05:25:00-04:00,4033.199951171875,4034.10009765625,4029.699951171875,4031.199951171875,393
2026-06-30 05:30:00-04:00,4031.5,4032.699951171875,4026.699951171875,4027.699951171875,723
2026-06-30 05:35:00-04:00,4027.0,4030.89990234375,4025.89990234375,4029.60009765625,247
2026-06-30 05:40:00-04:00,4029.89990234375,4032.60009765625,4029.5,4032.60009765625,239
2026-06-30 05:45:00-04:00,4032.699951171875,4034.39990234375,4032.39990234375,4032.89990234375,211
2026-06-30 05:50:00-04:00,4032.800048828125,4037.300048828125,4032.300048828125,4036.300048828125,269
2026-06-30 05:55:00-04:00,4035.800048828125,4038.0,4034.300048828125,4038.0,175
2026-06-30 06:00:00-04:00,4038.10009765625,4040.39990234375,4037.39990234375,4038.699951171875,298
2026-06-30 06:05:00-04:00,4038.699951171875,4040.699951171875,4036.0,4038.5,277
2026-06-30 06:10:00-04:00,4038.39990234375,4040.0,4035.5,4039.800048828125,133
2026-06-30 06:15:00-04:00,4040.10009765625,4041.300048828125,4038.10009765625,4038.10009765625,253
2026-06-30 06:20:00-04:00,4038.199951171875,4040.10009765625,4038.10009765625,4039.699951171875,120
2026-06-30 06:25:00-04:00,4040.0,4042.39990234375,4039.199951171875,4042.39990234375,180
2026-06-30 06:30:00-04:00,4042.0,4042.10009765625,4039.10009765625,4040.89990234375,302
2026-06-30 06:35:00-04:00,4040.10009765625,4042.89990234375,4040.0,4041.800048828125,106
2026-06-30 06:40:00-04:00,4041.5,4044.0,4040.800048828125,4041.699951171875,312
2026-06-30 06:45:00-04:00,4042.10009765625,4044.0,4040.10009765625,4042.39990234375,377
2026-06-30 06:50:00-04:00,4042.60009765625,4043.800048828125,4042.10009765625,4043.10009765625,146
2026-06-30 06:55:00-04:00,4042.89990234375,4045.5,4042.89990234375,4043.89990234375,499
2026-06-30 07:00:00-04:00,4043.89990234375,4044.199951171875,4039.300048828125,4042.5,464
2026-06-30 07:05:00-04:00,4042.699951171875,4046.0,4042.699951171875,4045.199951171875,305
2026-06-30 07:10:00-04:00,4045.0,4048.0,4045.0,4047.60009765625,228
2026-06-30 07:15:00-04:00,4047.800048828125,4048.800048828125,4044.10009765625,4044.5,465
2026-06-30 07:20:00-04:00,4044.699951171875,4048.0,4044.300048828125,4045.300048828125,241
2026-06-30 07:25:00-04:00,4045.0,4048.5,4043.800048828125,4046.199951171875,302
2026-06-30 07:30:00-04:00,4046.0,4047.60009765625,4043.39990234375,4044.60009765625,168
2026-06-30 07:35:00-04:00,4045.0,4045.699951171875,4042.10009765625,4045.60009765625,204
2026-06-30 07:40:00-04:00,4045.300048828125,4049.39990234375,4044.199951171875,4049.10009765625,359
2026-06-30 07:45:00-04:00,4048.800048828125,4051.39990234375,4045.199951171875,4046.5,556
2026-06-30 07:50:00-04:00,4046.89990234375,4046.89990234375,4043.39990234375,4045.5,245
2026-06-30 07:55:00-04:00,4045.800048828125,4048.199951171875,4044.60009765625,4047.5,251
2026-06-30 08:00:00-04:00,4048.0,4048.199951171875,4043.89990234375,4045.39990234375,400
2026-06-30 08:05:00-04:00,4045.60009765625,4045.89990234375,4042.199951171875,4042.199951171875,304
2026-06-30 08:10:00-04:00,4042.300048828125,4042.300048828125,4039.89990234375,4040.10009765625,454
2026-06-30 08:15:00-04:00,4040.199951171875,4042.300048828125,4038.5,4040.199951171875,335
2026-06-30 08:20:00-04:00,4039.39990234375,4040.39990234375,4031.199951171875,4031.699951171875,780
2026-06-30 08:25:00-04:00,4031.39990234375,4032.39990234375,4028.699951171875,4030.800048828125,793
2026-06-30 08:30:00-04:00,4030.800048828125,4035.699951171875,4028.10009765625,4029.800048828125,598
2026-06-30 08:35:00-04:00,4029.89990234375,4032.0,4026.199951171875,4032.0,473
2026-06-30 08:40:00-04:00,4032.0,4033.5,4029.60009765625,4032.39990234375,236
2026-06-30 08:45:00-04:00,4032.10009765625,4032.10009765625,4027.39990234375,4028.89990234375,340
2026-06-30 08:50:00-04:00,4028.699951171875,4029.800048828125,4026.10009765625,4027.89990234375,276
2026-06-30 08:55:00-04:00,4028.10009765625,4028.5,4022.10009765625,4023.89990234375,810
2026-06-30 09:00:00-04:00,4023.699951171875,4031.800048828125,4022.89990234375,4030.0,887
2026-06-30 09:05:00-04:00,4029.10009765625,4038.300048828125,4028.89990234375,4037.10009765625,586
2026-06-30 09:10:00-04:00,4037.0,4039.699951171875,4036.0,4037.39990234375,785
2026-06-30 09:15:00-04:00,4037.60009765625,4044.5,4035.800048828125,4044.0,1111
2026-06-30 09:20:00-04:00,4043.699951171875,4047.5,4033.0,4033.699951171875,1409
2026-06-30 09:25:00-04:00,4033.39990234375,4038.199951171875,4033.39990234375,4038.199951171875,499
2026-06-30 09:30:00-04:00,4038.0,4041.699951171875,4033.5,4035.300048828125,850
2026-06-30 09:35:00-04:00,4036.199951171875,4037.60009765625,4027.199951171875,4028.10009765625,1057
2026-06-30 09:40:00-04:00,4028.0,4040.89990234375,4027.800048828125,4039.300048828125,802
2026-06-30 09:45:00-04:00,4039.5,4042.300048828125,4036.5,4038.5,803
2026-06-30 09:50:00-04:00,4038.5,4047.0,4038.5,4043.0,1063
2026-06-30 09:55:00-04:00,4043.0,4046.699951171875,4041.300048828125,4043.89990234375,740
2026-06-30 10:00:00-04:00,4044.39990234375,4045.800048828125,4039.5,4040.39990234375,1892
2026-06-30 10:05:00-04:00,4040.800048828125,4059.89990234375,4039.800048828125,4058.0,2249
2026-06-30 10:10:00-04:00,4057.5,4064.699951171875,4051.60009765625,4058.0,2520
2026-06-30 10:15:00-04:00,4057.89990234375,4064.699951171875,4057.699951171875,4063.699951171875,1354
2026-06-30 10:20:00-04:00,4063.800048828125,4078.10009765625,4062.5,4077.300048828125,2839
2026-06-30 10:25:00-04:00,4077.60009765625,4077.60009765625,4068.10009765625,4068.800048828125,1085
2026-06-30 10:30:00-04:00,4069.0,4073.300048828125,4066.0,4066.5,806
2026-06-30 10:35:00-04:00,4066.39990234375,4068.300048828125,4059.199951171875,4063.89990234375,1239
2026-06-30 10:40:00-04:00,4064.0,4068.5,4062.800048828125,4065.39990234375,766
2026-06-30 10:45:00-04:00,4065.800048828125,4065.800048828125,4058.0,4058.800048828125,691
2026-06-30 10:50:00-04:00,4058.60009765625,4061.89990234375,4056.39990234375,4057.800048828125,513
2026-06-30 10:55:00-04:00,4058.199951171875,4059.199951171875,4051.800048828125,4052.0,735
2026-06-30 11:00:00-04:00,4052.10009765625,4054.300048828125,4048.60009765625,4049.39990234375,1515
2026-06-30 11:05:00-04:00,4049.300048828125,4053.0,4046.60009765625,4049.699951171875,1062
2026-06-30 11:10:00-04:00,4049.39990234375,4051.800048828125,4046.60009765625,4050.60009765625,446
2026-06-30 11:15:00-04:00,4050.39990234375,4050.39990234375,4040.300048828125,4041.60009765625,954
2026-06-30 11:20:00-04:00,4041.39990234375,4043.39990234375,4036.39990234375,4041.800048828125,1116
2026-06-30 11:25:00-04:00,4041.699951171875,4045.10009765625,4041.199951171875,4042.699951171875,382
2026-06-30 11:30:00-04:00,4043.199951171875,4045.60009765625,4041.39990234375,4044.0,313
2026-06-30 11:35:00-04:00,4044.39990234375,4045.5,4041.800048828125,4045.199951171875,407
2026-06-30 11:40:00-04:00,4045.10009765625,4045.10009765625,4040.699951171875,4043.699951171875,325
2026-06-30 11:45:00-04:00,4043.5,4049.300048828125,4043.5,4048.0,487
2026-06-30 11:50:00-04:00,4047.0,4048.5,4045.699951171875,4048.199951171875,221
2026-06-30 11:55:00-04:00,4048.5,4049.0,4043.199951171875,4044.199951171875,250
2026-06-30 12:00:00-04:00,4043.800048828125,4045.0,4040.800048828125,4041.60009765625,323
2026-06-30 12:05:00-04:00,4042.10009765625,4043.60009765625,4040.10009765625,4041.5,299
2026-06-30 12:10:00-04:00,4041.60009765625,4044.699951171875,4041.199951171875,4044.5,235
2026-06-30 12:15:00-04:00,4044.60009765625,4045.699951171875,4042.300048828125,4044.300048828125,183
2026-06-30 12:20:00-04:00,4044.699951171875,4046.10009765625,4043.5,4043.800048828125,174
2026-06-30 12:25:00-04:00,4044.0,4045.39990234375,4043.199951171875,4044.5,163
2026-06-30 12:30:00-04:00,4044.0,4045.89990234375,4043.39990234375,4045.300048828125,230
2026-06-30 12:35:00-04:00,4045.39990234375,4045.60009765625,4041.89990234375,4044.60009765625,174
2026-06-30 12:40:00-04:00,4044.5,4046.800048828125,4042.699951171875,4045.800048828125,239
2026-06-30 12:45:00-04:00,4045.699951171875,4048.5,4045.60009765625,4046.10009765625,312
2026-06-30 12:50:00-04:00,4045.800048828125,4046.5,4044.5,4046.10009765625,184
2026-06-30 12:55:00-04:00,4045.89990234375,4045.89990234375,4040.300048828125,4040.300048828125,518
2026-06-30 13:00:00-04:00,4040.800048828125,4042.5,4039.0,4041.300048828125,547
2026-06-30 13:05:00-04:00,4041.199951171875,4041.39990234375,4035.39990234375,4037.0,846
2026-06-30 13:10:00-04:00,4036.89990234375,4037.89990234375,4034.89990234375,4037.60009765625,683
2026-06-30 13:15:00-04:00,4037.5,4042.800048828125,4037.5,4041.300048828125,524
2026-06-30 13:20:00-04:00,4041.0,4041.5,4037.5,4038.5,558
2026-06-30 13:25:00-04:00,4038.10009765625,4040.89990234375,4036.10009765625,4040.0,2118
2026-06-30 13:30:00-04:00,4040.10009765625,4043.10009765625,4039.800048828125,4042.60009765625,548
2026-06-30 13:35:00-04:00,4042.0,4043.300048828125,4040.5,4041.699951171875,210
2026-06-30 13:40:00-04:00,4041.60009765625,4044.60009765625,4040.800048828125,4044.0,137
2026-06-30 13:45:00-04:00,4043.89990234375,4045.800048828125,4043.800048828125,4044.39990234375,195
2026-06-30 13:50:00-04:00,4044.800048828125,4047.10009765625,4044.60009765625,4046.300048828125,126
2026-06-30 13:55:00-04:00,4046.0,4046.300048828125,4044.60009765625,4045.5,144
2026-06-30 14:00:00-04:00,4045.89990234375,4047.0,4045.5,4046.39990234375,106
2026-06-30 14:05:00-04:00,4047.0,4048.699951171875,4046.39990234375,4047.699951171875,136
2026-06-30 14:10:00-04:00,4047.60009765625,4048.199951171875,4046.800048828125,4047.199951171875,135
2026-06-30 14:15:00-04:00,4047.0,4047.10009765625,4045.10009765625,4047.10009765625,189
2026-06-30 14:20:00-04:00,4046.89990234375,4047.800048828125,4045.89990234375,4046.39990234375,107
2026-06-30 14:25:00-04:00,4046.39990234375,4047.10009765625,4045.199951171875,4046.199951171875,99
2026-06-30 14:30:00-04:00,4046.5,4046.60009765625,4044.10009765625,4044.800048828125,105
2026-06-30 14:35:00-04:00,4045.10009765625,4046.300048828125,4044.5,4044.5,42
2026-06-30 14:40:00-04:00,4044.800048828125,4046.10009765625,4042.800048828125,4045.699951171875,294
2026-06-30 14:45:00-04:00,4045.60009765625,4046.5,4043.800048828125,4046.300048828125,234
2026-06-30 14:50:00-04:00,4046.5,4047.39990234375,4045.39990234375,4046.800048828125,105
2026-06-30 14:55:00-04:00,4046.60009765625,4046.60009765625,4043.300048828125,4043.60009765625,169
2026-06-30 15:00:00-04:00,4043.0,4044.199951171875,4041.300048828125,4041.5,233
2026-06-30 15:05:00-04:00,4041.60009765625,4042.300048828125,4039.300048828125,4039.800048828125,190
2026-06-30 15:10:00-04:00,4040.10009765625,4041.300048828125,4038.5,4039.199951171875,465
2026-06-30 15:15:00-04:00,4038.699951171875,4040.10009765625,4038.10009765625,4038.699951171875,171
2026-06-30 15:20:00-04:00,4038.60009765625,4039.199951171875,4036.199951171875,4036.699951171875,165
2026-06-30 15:25:00-04:00,4036.800048828125,4037.300048828125,4035.60009765625,4035.60009765625,115
2026-06-30 15:30:00-04:00,4036.0,4038.199951171875,4035.300048828125,4036.800048828125,190
2026-06-30 15:35:00-04:00,4036.60009765625,4037.199951171875,4035.39990234375,4036.60009765625,180
2026-06-30 15:40:00-04:00,4036.60009765625,4037.39990234375,4035.60009765625,4036.89990234375,187
2026-06-30 15:45:00-04:00,4036.800048828125,4037.300048828125,4034.5,4035.10009765625,202
2026-06-30 15:50:00-04:00,4034.89990234375,4035.39990234375,4030.199951171875,4030.89990234375,568
2026-06-30 15:55:00-04:00,4031.199951171875,4033.199951171875,4029.10009765625,4030.199951171875,777
2026-06-30 16:00:00-04:00,4030.199951171875,4033.60009765625,4028.300048828125,4032.5,557
2026-06-30 16:05:00-04:00,4032.5,4035.0,4032.0,4034.10009765625,220
2026-06-30 16:10:00-04:00,4034.10009765625,4035.10009765625,4033.89990234375,4034.60009765625,41
2026-06-30 16:15:00-04:00,4034.800048828125,4036.0,4032.5,4032.5,329
2026-06-30 16:20:00-04:00,4032.5,4032.699951171875,4030.39990234375,4030.39990234375,85
2026-06-30 16:25:00-04:00,4030.10009765625,4030.300048828125,4027.10009765625,4027.39990234375,175
2026-06-30 16:30:00-04:00,4027.39990234375,4028.60009765625,4025.89990234375,4026.199951171875,90
2026-06-30 16:35:00-04:00,4026.0,4026.10009765625,4024.5,4025.0,67
2026-06-30 16:40:00-04:00,4025.300048828125,4026.800048828125,4025.0,4025.800048828125,52
2026-06-30 16:45:00-04:00,4025.699951171875,4026.300048828125,4024.699951171875,4025.300048828125,75
2026-06-30 16:50:00-04:00,4025.5,4026.0,4024.5,4025.39990234375,74
2026-06-30 16:55:00-04:00,4024.89990234375,4025.39990234375,4020.60009765625,4021.800048828125,302
2026-06-30 18:00:00-04:00,4025.0,4028.199951171875,4022.10009765625,4027.10009765625,0
2026-06-30 18:05:00-04:00,4027.300048828125,4030.199951171875,4027.300048828125,4030.10009765625,96
2026-06-30 18:10:00-04:00,4030.39990234375,4030.39990234375,4026.89990234375,4027.5,92
2026-06-30 18:15:00-04:00,4028.0,4029.699951171875,4025.60009765625,4027.89990234375,177
2026-06-30 18:20:00-04:00,4027.699951171875,4027.699951171875,4025.199951171875,4026.39990234375,228
2026-06-30 18:25:00-04:00,4026.0,4028.0,4025.39990234375,4027.199951171875,149
2026-06-30 18:30:00-04:00,4026.60009765625,4028.800048828125,4026.60009765625,4028.199951171875,43
2026-06-30 18:35:00-04:00,4028.39990234375,4030.0,4028.300048828125,4029.5,51
2026-06-30 18:40:00-04:00,4029.5,4032.0,4027.300048828125,4027.300048828125,146
2026-06-30 18:45:00-04:00,4027.10009765625,4029.5,4025.699951171875,4026.199951171875,214
2026-06-30 18:50:00-04:00,4026.10009765625,4026.300048828125,4024.199951171875,4025.0,87
2026-06-30 18:55:00-04:00,4025.300048828125,4026.39990234375,4024.89990234375,4026.39990234375,61
2026-06-30 19:00:00-04:00,4026.5,4027.0,4024.300048828125,4025.60009765625,225
2026-06-30 19:05:00-04:00,4026.10009765625,4031.800048828125,4026.0,4030.300048828125,295
2026-06-30 19:10:00-04:00,4030.5,4031.300048828125,4027.199951171875,4027.39990234375,127
2026-06-30 19:15:00-04:00,4027.89990234375,4028.5,4025.300048828125,4025.300048828125,112
2026-06-30 19:20:00-04:00,4025.39990234375,4025.39990234375,4021.5,4023.10009765625,160
2026-06-30 19:25:00-04:00,4023.10009765625,4024.800048828125,4021.300048828125,4024.39990234375,114
2026-06-30 19:30:00-04:00,4024.300048828125,4025.800048828125,4022.5,4024.60009765625,121
2026-06-30 19:35:00-04:00,4023.300048828125,4024.10009765625,4022.10009765625,4023.60009765625,29
2026-06-30 19:40:00-04:00,4023.300048828125,4023.800048828125,4022.300048828125,4023.199951171875,61
2026-06-30 19:45:00-04:00,4022.699951171875,4023.199951171875,4018.39990234375,4020.300048828125,304
2026-06-30 19:50:00-04:00,4020.0,4021.800048828125,4018.800048828125,4020.5,211
2026-06-30 19:55:00-04:00,4020.10009765625,4020.60009765625,4018.0,4018.89990234375,271
2026-06-30 20:00:00-04:00,4018.89990234375,4021.0,4018.199951171875,4019.699951171875,136
2026-06-30 20:05:00-04:00,4019.0,4020.60009765625,4018.199951171875,4019.800048828125,92
2026-06-30 20:10:00-04:00,4021.0,4022.699951171875,4020.10009765625,4021.60009765625,141
2026-06-30 20:15:00-04:00,4021.699951171875,4022.10009765625,4014.60009765625,4015.60009765625,281
2026-06-30 20:20:00-04:00,4015.39990234375,4019.60009765625,4014.699951171875,4018.39990234375,245
2026-06-30 20:25:00-04:00,4017.800048828125,4019.199951171875,4013.0,4015.0,487
2026-06-30 20:30:00-04:00,4015.0,4018.699951171875,4014.0,4016.10009765625,171
2026-06-30 20:35:00-04:00,4016.5,4018.10009765625,4014.0,4014.0,175
2026-06-30 20:40:00-04:00,4014.199951171875,4014.39990234375,4008.39990234375,4009.5,656
2026-06-30 20:45:00-04:00,4009.39990234375,4010.300048828125,4008.0,4008.699951171875,193
2026-06-30 20:50:00-04:00,4009.300048828125,4011.60009765625,4006.0,4007.10009765625,293
2026-06-30 20:55:00-04:00,4007.0,4012.89990234375,4006.89990234375,4010.199951171875,240
2026-06-30 21:00:00-04:00,4010.5,4013.199951171875,4002.800048828125,4003.199951171875,916
2026-06-30 21:05:00-04:00,4003.199951171875,4004.0,3995.5,3998.39990234375,845
2026-06-30 21:10:00-04:00,3998.10009765625,3998.60009765625,3991.60009765625,3997.5,495
2026-06-30 21:15:00-04:00,3996.800048828125,3997.60009765625,3988.60009765625,3994.800048828125,442
2026-06-30 21:20:00-04:00,3994.5,3999.0,3993.699951171875,3996.199951171875,352
2026-06-30 21:25:00-04:00,3997.300048828125,3998.89990234375,3994.39990234375,3998.60009765625,204
2026-06-30 21:30:00-04:00,3998.5,4001.60009765625,3989.60009765625,3992.60009765625,541
2026-06-30 21:35:00-04:00,3992.89990234375,3993.89990234375,3988.300048828125,3988.300048828125,333
2026-06-30 21:40:00-04:00,3988.60009765625,3993.10009765625,3987.300048828125,3992.0,237
2026-06-30 21:45:00-04:00,3991.800048828125,3994.800048828125,3986.699951171875,3991.800048828125,465
2026-06-30 21:50:00-04:00,3991.89990234375,3993.199951171875,3986.699951171875,3988.89990234375,527
2026-06-30 21:55:00-04:00,3988.699951171875,3991.89990234375,3988.5,3990.800048828125,133
2026-06-30 22:00:00-04:00,3990.39990234375,3992.699951171875,3987.300048828125,3987.5,275
2026-06-30 22:05:00-04:00,3987.39990234375,3987.800048828125,3983.0,3985.5,573
2026-06-30 22:10:00-04:00,3985.60009765625,3989.800048828125,3984.800048828125,3989.39990234375,360
2026-06-30 22:15:00-04:00,3989.39990234375,3993.60009765625,3988.800048828125,3993.300048828125,365
2026-06-30 22:20:00-04:00,3993.60009765625,3995.10009765625,3992.39990234375,3994.5,286
2026-06-30 22:25:00-04:00,3994.5,3996.0,3993.0,3993.699951171875,217
2026-06-30 22:30:00-04:00,3993.60009765625,3997.800048828125,3991.5,3994.5,378
2026-06-30 22:35:00-04:00,3994.800048828125,3999.0,3994.60009765625,3996.60009765625,246
2026-06-30 22:40:00-04:00,3996.89990234375,3996.89990234375,3993.699951171875,3995.89990234375,141
2026-06-30 22:45:00-04:00,3996.39990234375,3998.39990234375,3994.89990234375,3995.39990234375,118
2026-06-30 22:50:00-04:00,3995.300048828125,3998.0,3992.800048828125,3993.199951171875,159
2026-06-30 22:55:00-04:00,3993.60009765625,3994.10009765625,3991.199951171875,3991.89990234375,177
2026-06-30 23:00:00-04:00,3991.800048828125,3995.60009765625,3991.39990234375,3994.89990234375,241
2026-06-30 23:05:00-04:00,3994.199951171875,3998.10009765625,3994.0,3997.89990234375,286
2026-06-30 23:10:00-04:00,3997.800048828125,3998.5,3996.10009765625,3996.39990234375,111
2026-06-30 23:15:00-04:00,3996.300048828125,3999.89990234375,3996.300048828125,3997.0,239
2026-06-30 23:20:00-04:00,3996.800048828125,3996.800048828125,3993.39990234375,3995.5,216
2026-06-30 23:25:00-04:00,3996.0,3996.0,3993.199951171875,3994.10009765625,242
2026-06-30 23:30:00-04:00,3994.5,3994.5,3989.10009765625,3989.699951171875,361
2026-06-30 23:35:00-04:00,3989.800048828125,3994.199951171875,3989.800048828125,3994.199951171875,223
2026-06-30 23:40:00-04:00,3994.10009765625,3995.300048828125,3990.199951171875,3990.199951171875,200
2026-06-30 23:45:00-04:00,3990.39990234375,3992.199951171875,3989.300048828125,3990.39990234375,278
2026-06-30 23:50:00-04:00,3990.0,3991.300048828125,3989.800048828125,3990.39990234375,75
2026-06-30 23:55:00-04:00,3990.60009765625,3993.10009765625,3990.300048828125,3992.89990234375,97
2026-07-01 00:00:00-04:00,3993.39990234375,3993.89990234375,3987.800048828125,3988.60009765625,201
2026-07-01 00:05:00-04:00,3988.5,3990.39990234375,3988.300048828125,3988.300048828125,141
2026-07-01 00:10:00-04:00,3988.300048828125,3989.300048828125,3987.0,3989.0,214
2026-07-01 00:15:00-04:00,3988.60009765625,3989.199951171875,3987.300048828125,3988.800048828125,96
2026-07-01 00:20:00-04:00,3988.699951171875,3989.89990234375,3987.60009765625,3989.60009765625,156
2026-07-01 00:25:00-04:00,3989.60009765625,3990.89990234375,3988.89990234375,3990.10009765625,152
2026-07-01 00:30:00-04:00,3990.10009765625,3993.5,3990.10009765625,3990.60009765625,265
2026-07-01 00:35:00-04:00,3990.39990234375,3991.10009765625,3987.0,3987.39990234375,235
2026-07-01 00:40:00-04:00,3987.10009765625,3987.699951171875,3985.300048828125,3987.699951171875,153
2026-07-01 00:45:00-04:00,3987.5,3993.0,3987.10009765625,3992.60009765625,348
2026-07-01 00:50:00-04:00,3992.39990234375,3994.199951171875,3991.60009765625,3993.0,253
2026-07-01 00:55:00-04:00,3993.699951171875,3995.39990234375,3989.199951171875,3989.199951171875,373
2026-07-01 01:00:00-04:00,3989.10009765625,3989.60009765625,3984.800048828125,3986.39990234375,197
2026-07-01 01:05:00-04:00,3986.10009765625,3987.699951171875,3985.300048828125,3986.0,157
2026-07-01 01:10:00-04:00,3985.800048828125,3985.800048828125,3982.300048828125,3984.800048828125,305
2026-07-01 01:15:00-04:00,3984.5,3985.5,3982.60009765625,3984.699951171875,228
2026-07-01 01:20:00-04:00,3984.699951171875,3988.0,3984.699951171875,3987.5,160
2026-07-01 01:25:00-04:00,3987.60009765625,3987.60009765625,3985.5,3986.10009765625,161
2026-07-01 01:30:00-04:00,3986.39990234375,3991.699951171875,3983.300048828125,3989.0,319
2026-07-01 01:35:00-04:00,3990.0,3990.89990234375,3986.300048828125,3988.39990234375,243
2026-07-01 01:40:00-04:00,3988.0,3988.300048828125,3984.699951171875,3987.60009765625,342
2026-07-01 01:45:00-04:00,3986.39990234375,3989.300048828125,3986.300048828125,3988.10009765625,208
2026-07-01 01:50:00-04:00,3987.800048828125,3990.60009765625,3986.5,3987.5,176
2026-07-01 01:55:00-04:00,3987.699951171875,3992.0,3986.5,3986.60009765625,293
2026-07-01 02:00:00-04:00,3986.60009765625,3990.300048828125,3985.89990234375,3987.800048828125,375
2026-07-01 02:05:00-04:00,3987.699951171875,3988.699951171875,3977.199951171875,3979.199951171875,1096
2026-07-01 02:10:00-04:00,3979.5,3981.699951171875,3976.199951171875,3978.0,527
2026-07-01 02:15:00-04:00,3978.300048828125,3979.39990234375,3975.89990234375,3979.199951171875,520
2026-07-01 02:20:00-04:00,3979.39990234375,3982.60009765625,3978.800048828125,3982.10009765625,562
2026-07-01 02:25:00-04:00,3981.89990234375,3982.60009765625,3980.0,3980.39990234375,230
2026-07-01 02:30:00-04:00,3980.60009765625,3981.300048828125,3976.199951171875,3978.0,393
2026-07-01 02:35:00-04:00,3977.800048828125,3981.0,3977.0,3980.39990234375,292
2026-07-01 02:40:00-04:00,3980.60009765625,3986.60009765625,3980.39990234375,3984.699951171875,696
2026-07-01 02:45:00-04:00,3984.800048828125,3986.0,3981.800048828125,3982.89990234375,545
2026-07-01 02:50:00-04:00,3983.0,3986.60009765625,3982.300048828125,3986.0,265
2026-07-01 02:55:00-04:00,3986.199951171875,3986.199951171875,3983.800048828125,3985.0,236
2026-07-01 03:00:00-04:00,3985.0,3986.699951171875,3978.5,3979.300048828125,580
2026-07-01 03:05:00-04:00,3979.0,3979.39990234375,3973.300048828125,3977.39990234375,795
2026-07-01 03:10:00-04:00,3977.0,3977.39990234375,3973.5,3974.5,346
2026-07-01 03:15:00-04:00,3974.10009765625,3983.800048828125,3973.0,3983.199951171875,820
2026-07-01 03:20:00-04:00,3982.800048828125,3984.89990234375,3980.199951171875,3980.5,384
2026-07-01 03:25:00-04:00,3980.5,3984.0,3976.89990234375,3977.300048828125,548
2026-07-01 03:30:00-04:00,3977.39990234375,3978.10009765625,3973.60009765625,3975.89990234375,947
2026-07-01 03:35:00-04:00,3976.39990234375,3982.699951171875,3976.10009765625,3982.199951171875,309
2026-07-01 03:40:00-04:00,3982.300048828125,3984.5,3981.300048828125,3984.199951171875,295
2026-07-01 03:45:00-04:00,3984.0,3985.89990234375,3982.10009765625,3984.0,832
2026-07-01 03:50:00-04:00,3983.89990234375,3988.0,3983.699951171875,3984.0,725
2026-07-01 03:55:00-04:00,3984.0,3991.0,3983.800048828125,3988.699951171875,533
2026-07-01 04:00:00-04:00,3988.800048828125,3989.300048828125,3983.199951171875,3984.60009765625,333
2026-07-01 04:05:00-04:00,3984.5,3986.0,3982.89990234375,3984.5,205
2026-07-01 04:10:00-04:00,3984.39990234375,3987.5,3982.5,3987.5,255
2026-07-01 04:15:00-04:00,3987.5,3996.10009765625,3987.300048828125,3995.89990234375,614
2026-07-01 04:20:00-04:00,3995.60009765625,3997.699951171875,3992.0,3992.300048828125,657
2026-07-01 04:25:00-04:00,3992.60009765625,3995.60009765625,3991.800048828125,3992.0,358
2026-07-01 04:30:00-04:00,3991.89990234375,3992.800048828125,3989.0,3991.199951171875,228
2026-07-01 04:35:00-04:00,3990.89990234375,3990.89990234375,3985.800048828125,3986.39990234375,251
2026-07-01 04:40:00-04:00,3986.10009765625,3992.0,3985.60009765625,3990.199951171875,234
2026-07-01 04:45:00-04:00,3990.10009765625,3990.5,3987.699951171875,3988.10009765625,124
2026-07-01 04:50:00-04:00,3988.39990234375,3990.800048828125,3988.0,3990.39990234375,118
2026-07-01 04:55:00-04:00,3990.39990234375,3990.800048828125,3984.5,3987.699951171875,325
2026-07-01 05:00:00-04:00,3987.199951171875,3989.199951171875,3986.0,3988.60009765625,186
2026-07-01 05:05:00-04:00,3988.300048828125,3989.300048828125,3985.89990234375,3986.60009765625,227
2026-07-01 05:10:00-04:00,3987.300048828125,3990.800048828125,3987.300048828125,3989.10009765625,116
2026-07-01 05:15:00-04:00,3989.0,3993.699951171875,3988.89990234375,3991.699951171875,337
2026-07-01 05:20:00-04:00,3991.699951171875,3992.699951171875,3990.300048828125,3990.60009765625,199
2026-07-01 05:25:00-04:00,3990.699951171875,3992.300048828125,3990.300048828125,3992.300048828125,131
2026-07-01 05:30:00-04:00,3991.800048828125,3994.699951171875,3990.800048828125,3993.39990234375,383
2026-07-01 05:35:00-04:00,3993.39990234375,3995.800048828125,3992.800048828125,3995.60009765625,234
2026-07-01 05:40:00-04:00,3995.60009765625,3995.699951171875,3992.5,3994.699951171875,218
2026-07-01 05:45:00-04:00,3995.10009765625,3999.300048828125,3995.10009765625,3998.800048828125,273
2026-07-01 05:50:00-04:00,3998.5,3998.699951171875,3996.5,3998.5,351
2026-07-01 05:55:00-04:00,3998.300048828125,3999.300048828125,3996.89990234375,3997.89990234375,254
2026-07-01 06:00:00-04:00,3997.800048828125,4002.89990234375,3997.699951171875,4001.39990234375,409
2026-07-01 06:05:00-04:00,4001.300048828125,4003.5,4000.60009765625,4001.0,287
2026-07-01 06:10:00-04:00,4000.89990234375,4001.300048828125,3996.39990234375,3997.60009765625,356
2026-07-01 06:15:00-04:00,3997.800048828125,3998.39990234375,3995.199951171875,3995.5,270
2026-07-01 06:20:00-04:00,3995.60009765625,3998.60009765625,3994.60009765625,3998.60009765625,159
2026-07-01 06:25:00-04:00,3998.60009765625,4000.699951171875,3996.60009765625,4000.5,113
2026-07-01 06:30:00-04:00,4000.39990234375,4005.39990234375,4000.10009765625,4004.5,322
2026-07-01 06:35:00-04:00,4004.60009765625,4007.60009765625,4002.300048828125,4003.0,434
2026-07-01 06:40:00-04:00,4002.89990234375,4003.300048828125,4000.0,4000.39990234375,281
2026-07-01 06:45:00-04:00,4000.800048828125,4004.10009765625,4000.199951171875,4004.10009765625,222
2026-07-01 06:50:00-04:00,4004.89990234375,4007.699951171875,4004.39990234375,4007.199951171875,262
2026-07-01 06:55:00-04:00,4007.300048828125,4012.0,4007.300048828125,4011.89990234375,429
2026-07-01 07:00:00-04:00,4011.5,4021.699951171875,4011.300048828125,4020.199951171875,1101
2026-07-01 07:05:00-04:00,4020.199951171875,4024.39990234375,4020.0,4024.10009765625,517
2026-07-01 07:10:00-04:00,4024.0,4033.0,4023.699951171875,4029.800048828125,994
2026-07-01 07:15:00-04:00,4029.699951171875,4038.5,4028.699951171875,4036.199951171875,952
2026-07-01 07:20:00-04:00,4036.0,4039.699951171875,4032.5,4037.800048828125,757
2026-07-01 07:25:00-04:00,4038.10009765625,4042.60009765625,4035.300048828125,4039.89990234375,735
2026-07-01 07:30:00-04:00,4040.300048828125,4042.10009765625,4036.89990234375,4038.199951171875,570
2026-07-01 07:35:00-04:00,4038.300048828125,4040.300048828125,4037.60009765625,4038.300048828125,247
2026-07-01 07:40:00-04:00,4038.300048828125,4045.800048828125,4037.0,4043.10009765625,644
2026-07-01 07:45:00-04:00,4043.300048828125,4048.60009765625,4042.699951171875,4048.0,569
2026-07-01 07:50:00-04:00,4047.800048828125,4049.39990234375,4043.39990234375,4046.0,682
2026-07-01 07:55:00-04:00,4046.10009765625,4047.300048828125,4043.89990234375,4044.0,484
2026-07-01 08:00:00-04:00,4044.5,4047.800048828125,4037.5,4037.60009765625,1050
2026-07-01 08:05:00-04:00,4037.800048828125,4038.60009765625,4035.39990234375,4036.699951171875,713
2026-07-01 08:10:00-04:00,4037.0,4038.300048828125,4033.199951171875,4036.0,963
2026-07-01 08:15:00-04:00,4036.0,4042.199951171875,4035.800048828125,4042.10009765625,651
2026-07-01 08:20:00-04:00,4041.699951171875,4044.0,4038.800048828125,4043.10009765625,657
2026-07-01 08:25:00-04:00,4043.199951171875,4044.199951171875,4039.300048828125,4039.699951171875,387
2026-07-01 08:30:00-04:00,4039.39990234375,4047.199951171875,4039.39990234375,4042.800048828125,852
2026-07-01 08:35:00-04:00,4042.89990234375,4044.0,4037.60009765625,4038.0,892
2026-07-01 08:40:00-04:00,4038.0,4044.89990234375,4037.0,4040.10009765625,697
2026-07-01 08:45:00-04:00,4040.5,4041.699951171875,4038.60009765625,4040.199951171875,380
2026-07-01 08:50:00-04:00,4040.10009765625,4043.0,4038.800048828125,4039.800048828125,323
2026-07-01 08:55:00-04:00,4039.800048828125,4041.10009765625,4036.699951171875,4036.800048828125,470
2026-07-01 09:00:00-04:00,4036.800048828125,4039.10009765625,4030.800048828125,4035.89990234375,1159
2026-07-01 09:05:00-04:00,4036.10009765625,4036.39990234375,4026.60009765625,4031.699951171875,785
2026-07-01 09:10:00-04:00,4031.60009765625,4036.300048828125,4028.0,4034.60009765625,756
2026-07-01 09:15:00-04:00,4035.0,4045.89990234375,4035.0,4038.699951171875,1617
2026-07-01 09:20:00-04:00,4038.699951171875,4061.0,4038.39990234375,4057.60009765625,2885
2026-07-01 09:25:00-04:00,4057.39990234375,4061.699951171875,4052.0,4061.199951171875,1967
2026-07-01 09:30:00-04:00,4061.199951171875,4068.699951171875,4055.300048828125,4062.5,2445
2026-07-01 09:35:00-04:00,4062.800048828125,4086.39990234375,4061.199951171875,4085.699951171875,3254
2026-07-01 09:40:00-04:00,4084.89990234375,4116.0,4084.0,4113.2998046875,5249
2026-07-01 09:45:00-04:00,4113.10009765625,4122.60009765625,4099.60009765625,4105.0,4379
2026-07-01 09:50:00-04:00,4104.7998046875,4113.10009765625,4100.10009765625,4102.2998046875,2411
2026-07-01 09:55:00-04:00,4102.7998046875,4108.0,4100.5,4104.2001953125,1676
2026-07-01 10:00:00-04:00,4104.7998046875,4116.39990234375,4096.89990234375,4100.2001953125,3565
2026-07-01 10:05:00-04:00,4100.0,4110.5,4100.0,4108.7998046875,1765
2026-07-01 10:10:00-04:00,4109.2998046875,4114.5,4106.89990234375,4107.39990234375,1416
2026-07-01 10:15:00-04:00,4107.60009765625,4113.2998046875,4103.89990234375,4109.0,1336
2026-07-01 10:20:00-04:00,4108.89990234375,4120.7998046875,4108.39990234375,4119.10009765625,2155
2026-07-01 10:25:00-04:00,4119.5,4121.5,4110.2998046875,4115.2001953125,1475
2026-07-01 10:30:00-04:00,4115.2001953125,4126.2001953125,4112.7998046875,4125.2001953125,1641
2026-07-01 10:35:00-04:00,4125.2998046875,4131.0,4120.2998046875,4120.5,2038
2026-07-01 10:40:00-04:00,4120.7998046875,4121.5,4106.39990234375,4107.10009765625,1377
2026-07-01 10:45:00-04:00,4107.7998046875,4110.10009765625,4101.5,4103.39990234375,1131
2026-07-01 10:50:00-04:00,4103.7998046875,4105.7998046875,4100.7998046875,4103.89990234375,667
2026-07-01 10:55:00-04:00,4103.7001953125,4109.7001953125,4103.60009765625,4107.89990234375,755
2026-07-01 11:00:00-04:00,4108.0,4108.7998046875,4102.5,4104.2998046875,573
2026-07-01 11:05:00-04:00,4104.2998046875,4108.10009765625,4097.7998046875,4098.7998046875,926
2026-07-01 11:10:00-04:00,4098.5,4100.60009765625,4095.89990234375,4099.5,795
2026-07-01 11:15:00-04:00,4099.2001953125,4106.39990234375,4099.2001953125,4101.2001953125,964
2026-07-01 11:20:00-04:00,4100.89990234375,4104.60009765625,4092.89990234375,4095.199951171875,1081
2026-07-01 11:25:00-04:00,4095.199951171875,4099.0,4093.300048828125,4098.2998046875,579
2026-07-01 11:30:00-04:00,4097.7998046875,4097.7998046875,4092.0,4092.5,734
2026-07-01 11:35:00-04:00,4092.300048828125,4095.60009765625,4090.800048828125,4094.89990234375,874
2026-07-01 11:40:00-04:00,4094.60009765625,4097.0,4093.10009765625,4096.7001953125,422
2026-07-01 11:45:00-04:00,4096.39990234375,4099.7001953125,4095.699951171875,4098.2998046875,399
2026-07-01 11:50:00-04:00,4098.2998046875,4102.60009765625,4097.5,4098.39990234375,469
2026-07-01 11:55:00-04:00,4098.10009765625,4098.39990234375,4093.800048828125,4095.10009765625,439
2026-07-01 12:00:00-04:00,4095.5,4101.39990234375,4095.5,4099.60009765625,448
2026-07-01 12:05:00-04:00,4099.5,4102.89990234375,4098.2998046875,4098.2998046875,382
2026-07-01 12:10:00-04:00,4098.60009765625,4099.10009765625,4095.89990234375,4097.0,226
2026-07-01 12:15:00-04:00,4096.60009765625,4099.0,4095.5,4098.39990234375,233
2026-07-01 12:20:00-04:00,4098.10009765625,4099.5,4095.0,4096.10009765625,328
2026-07-01 12:25:00-04:00,4096.2001953125,4098.7001953125,4095.800048828125,4096.10009765625,146
2026-07-01 12:30:00-04:00,4095.89990234375,4097.39990234375,4089.699951171875,4090.60009765625,641
2026-07-01 12:35:00-04:00,4091.0,4094.89990234375,4090.89990234375,4091.300048828125,246
2026-07-01 12:40:00-04:00,4091.5,4091.800048828125,4086.800048828125,4088.10009765625,505
2026-07-01 12:45:00-04:00,4088.699951171875,4090.300048828125,4086.699951171875,4087.10009765625,415
2026-07-01 12:50:00-04:00,4087.0,4088.60009765625,4084.300048828125,4087.0,469
2026-07-01 12:55:00-04:00,4087.10009765625,4087.39990234375,4084.0,4085.0,286
2026-07-01 13:00:00-04:00,4084.89990234375,4087.60009765625,4083.60009765625,4085.39990234375,445
2026-07-01 13:05:00-04:00,4085.0,4085.199951171875,4081.60009765625,4082.60009765625,467
2026-07-01 13:10:00-04:00,4083.0,4085.699951171875,4081.199951171875,4085.0,459
2026-07-01 13:15:00-04:00,4085.300048828125,4085.89990234375,4081.60009765625,4083.60009765625,395
2026-07-01 13:20:00-04:00,4084.199951171875,4085.5,4082.89990234375,4083.800048828125,524
2026-07-01 13:25:00-04:00,4084.199951171875,4084.60009765625,4081.5,4081.800048828125,1410
2026-07-01 13:30:00-04:00,4082.0,4085.800048828125,4081.699951171875,4084.5,434
2026-07-01 13:35:00-04:00,4084.300048828125,4085.39990234375,4083.699951171875,4084.89990234375,137
2026-07-01 13:40:00-04:00,4084.60009765625,4087.300048828125,4083.199951171875,4084.800048828125,255
2026-07-01 13:45:00-04:00,4084.699951171875,4085.39990234375,4084.0,4084.699951171875,125
2026-07-01 13:50:00-04:00,4085.0,4086.5,4083.10009765625,4083.89990234375,153
2026-07-01 13:55:00-04:00,4083.800048828125,4084.199951171875,4081.0,4082.199951171875,261
2026-07-01 14:00:00-04:00,4082.300048828125,4084.39990234375,4081.89990234375,4084.39990234375,201
2026-07-01 14:05:00-04:00,4083.89990234375,4084.10009765625,4081.60009765625,4081.60009765625,114
2026-07-01 14:10:00-04:00,4081.699951171875,4084.699951171875,4081.0,4082.699951171875,302
2026-07-01 14:15:00-04:00,4082.800048828125,4083.0,4078.800048828125,4080.800048828125,220
2026-07-01 14:20:00-04:00,4080.60009765625,4080.89990234375,4077.5,4078.800048828125,293
2026-07-01 14:25:00-04:00,4079.5,4079.800048828125,4074.60009765625,4074.89990234375,215
2026-07-01 14:30:00-04:00,4075.300048828125,4079.89990234375,4075.300048828125,4078.60009765625,209
2026-07-01 14:35:00-04:00,4078.300048828125,4079.0,4076.800048828125,4077.300048828125,124
2026-07-01 14:40:00-04:00,4077.5,4077.5,4075.0,4076.39990234375,235
2026-07-01 14:45:00-04:00,4076.5,4076.89990234375,4074.300048828125,4075.10009765625,166
2026-07-01 14:50:00-04:00,4075.5,4076.0,4071.300048828125,4072.199951171875,459
2026-07-01 14:55:00-04:00,4072.0,4076.300048828125,4071.89990234375,4076.0,166
2026-07-01 15:00:00-04:00,4075.5,4080.0,4075.300048828125,4079.89990234375,406
2026-07-01 15:05:00-04:00,4079.699951171875,4082.199951171875,4078.10009765625,4081.699951171875,207
2026-07-01 15:10:00-04:00,4081.0,4081.0,4078.10009765625,4079.199951171875,336
2026-07-01 15:15:00-04:00,4079.199951171875,4080.0,4075.10009765625,4075.39990234375,383
2026-07-01 15:20:00-04:00,4075.60009765625,4076.300048828125,4070.39990234375,4070.39990234375,907
2026-07-01 15:25:00-04:00,4070.300048828125,4073.5,4070.300048828125,4072.699951171875,312
2026-07-01 15:30:00-04:00,4072.800048828125,4073.39990234375,4069.0,4070.199951171875,264
2026-07-01 15:35:00-04:00,4070.39990234375,4070.60009765625,4069.0,4069.300048828125,197
2026-07-01 15:40:00-04:00,4069.60009765625,4069.60009765625,4066.199951171875,4067.60009765625,398
2026-07-01 15:45:00-04:00,4067.39990234375,4068.0,4064.39990234375,4065.699951171875,369
2026-07-01 15:50:00-04:00,4066.0,4066.39990234375,4052.800048828125,4055.5,1366
2026-07-01 15:55:00-04:00,4055.699951171875,4056.300048828125,4048.39990234375,4052.300048828125,1062
2026-07-01 16:00:00-04:00,4052.199951171875,4053.60009765625,4042.199951171875,4043.800048828125,849
2026-07-01 16:05:00-04:00,4043.5,4048.699951171875,4042.10009765625,4048.199951171875,395
2026-07-01 16:10:00-04:00,4047.699951171875,4050.300048828125,4046.800048828125,4049.199951171875,203
2026-07-01 16:15:00-04:00,4049.199951171875,4050.5,4048.0,4049.39990234375,94
2026-07-01 16:20:00-04:00,4049.10009765625,4051.5,4048.5,4051.0,169
2026-07-01 16:25:00-04:00,4051.10009765625,4052.800048828125,4050.699951171875,4051.89990234375,118
2026-07-01 16:30:00-04:00,4051.60009765625,4052.60009765625,4049.699951171875,4049.89990234375,120
2026-07-01 16:35:00-04:00,4049.699951171875,4050.0,4047.89990234375,4048.39990234375,123
2026-07-01 16:40:00-04:00,4048.300048828125,4049.10009765625,4046.800048828125,4047.5,112
2026-07-01 16:45:00-04:00,4047.5,4047.89990234375,4045.199951171875,4046.5,156
2026-07-01 16:50:00-04:00,4046.60009765625,4049.5,4045.89990234375,4045.89990234375,293
2026-07-01 16:55:00-04:00,4046.199951171875,4046.199951171875,4043.800048828125,4044.60009765625,245
2026-07-01 18:00:00-04:00,4049.199951171875,4051.89990234375,4045.10009765625,4051.89990234375,168
2026-07-01 18:05:00-04:00,4051.10009765625,4053.60009765625,4047.699951171875,4047.800048828125,200
2026-07-01 18:10:00-04:00,4048.10009765625,4050.10009765625,4047.60009765625,4049.199951171875,91
2026-07-01 18:15:00-04:00,4049.39990234375,4050.199951171875,4047.39990234375,4047.800048828125,101
2026-07-01 18:20:00-04:00,4048.199951171875,4051.800048828125,4047.800048828125,4051.0,210
2026-07-01 18:25:00-04:00,4050.60009765625,4051.39990234375,4049.800048828125,4050.60009765625,113
2026-07-01 18:30:00-04:00,4050.10009765625,4051.0,4049.0,4050.199951171875,248
2026-07-01 18:35:00-04:00,4050.300048828125,4052.60009765625,4049.39990234375,4052.300048828125,180
2026-07-01 18:40:00-04:00,4052.199951171875,4053.0,4051.0,4052.0,231
2026-07-01 18:45:00-04:00,4052.300048828125,4056.0,4052.0,4055.5,245
2026-07-01 18:50:00-04:00,4055.800048828125,4056.699951171875,4054.699951171875,4055.0,132
2026-07-01 18:55:00-04:00,4054.5,4057.199951171875,4054.5,4057.199951171875,95
2026-07-01 19:00:00-04:00,4056.800048828125,4057.10009765625,4054.800048828125,4055.5,99
2026-07-01 19:05:00-04:00,4055.199951171875,4055.300048828125,4053.39990234375,4053.699951171875,131
2026-07-01 19:10:00-04:00,4054.0,4054.800048828125,4049.5,4049.60009765625,408
2026-07-01 19:15:00-04:00,4050.10009765625,4051.699951171875,4048.300048828125,4051.199951171875,148
2026-07-01 19:20:00-04:00,4051.60009765625,4051.699951171875,4048.0,4048.0,148
2026-07-01 19:25:00-04:00,4048.39990234375,4049.60009765625,4046.10009765625,4049.60009765625,394
2026-07-01 19:30:00-04:00,4049.699951171875,4052.89990234375,4049.60009765625,4051.5,196
2026-07-01 19:35:00-04:00,4050.89990234375,4051.800048828125,4047.300048828125,4047.300048828125,117
2026-07-01 19:40:00-04:00,4047.5,4048.699951171875,4046.5,4048.0,83
2026-07-01 19:45:00-04:00,4048.0,4048.5,4045.5,4046.199951171875,114
2026-07-01 19:50:00-04:00,4046.300048828125,4049.39990234375,4045.89990234375,4048.60009765625,89
2026-07-01 19:55:00-04:00,4049.0,4049.0,4047.300048828125,4047.39990234375,21
2026-07-01 20:00:00-04:00,4047.10009765625,4048.39990234375,4042.800048828125,4045.199951171875,317
2026-07-01 20:05:00-04:00,4045.5,4052.800048828125,4045.10009765625,4051.60009765625,408
2026-07-01 20:10:00-04:00,4051.60009765625,4058.89990234375,4051.5,4057.39990234375,387
2026-07-01 20:15:00-04:00,4056.0,4058.199951171875,4052.10009765625,4053.199951171875,240
2026-07-01 20:20:00-04:00,4053.60009765625,4059.0,4053.0,4058.89990234375,249
2026-07-01 20:25:00-04:00,4058.60009765625,4060.699951171875,4056.300048828125,4058.39990234375,188
2026-07-01 20:30:00-04:00,4059.0,4059.39990234375,4054.800048828125,4057.300048828125,268
2026-07-01 20:35:00-04:00,4057.10009765625,4058.699951171875,4054.39990234375,4054.89990234375,160
2026-07-01 20:40:00-04:00,4055.0,4055.0,4050.0,4050.89990234375,243
2026-07-01 20:45:00-04:00,4051.39990234375,4065.0,4051.39990234375,4063.0,524
2026-07-01 20:50:00-04:00,4062.60009765625,4064.89990234375,4061.699951171875,4062.39990234375,254
2026-07-01 20:55:00-04:00,4063.199951171875,4064.10009765625,4060.800048828125,4063.5,134
2026-07-01 21:00:00-04:00,4063.5,4080.5,4062.39990234375,4077.199951171875,1448
2026-07-01 21:05:00-04:00,4076.699951171875,4078.39990234375,4072.39990234375,4076.199951171875,278
2026-07-01 21:10:00-04:00,4077.0,4080.0,4076.10009765625,4076.89990234375,250
2026-07-01 21:15:00-04:00,4077.300048828125,4077.60009765625,4071.39990234375,4072.5,297
2026-07-01 21:20:00-04:00,4072.89990234375,4073.10009765625,4063.800048828125,4064.199951171875,472
2026-07-01 21:25:00-04:00,4064.300048828125,4067.39990234375,4062.199951171875,4065.199951171875,328
2026-07-01 21:30:00-04:00,4065.60009765625,4066.800048828125,4058.0,4059.800048828125,329
2026-07-01 21:35:00-04:00,4060.300048828125,4065.0,4058.699951171875,4065.0,207
2026-07-01 21:40:00-04:00,4064.89990234375,4067.5,4062.199951171875,4062.300048828125,66
