date,rate_z21,yield_chg5,dollar_ret5,cpi_yoy,cpi_mom,days_since_cpi
2025-05-20,0.0,0.0,0.0,2.354896535474671,0.2088561230692454,0.31666666666666665
2025-05-21,0.0,0.0,0.0,2.354896535474671,0.2088561230692454,0.3333333333333333
2025-05-22,0.0,0.0,0.0,2.354896535474671,0.2088561230692454,0.35
2025-05-23,0.0,0.0,0.0,2.354896535474671,0.2088561230692454,0.36666666666666664
2025-05-26,-0.6621749817545308,0.0,0.0,2.354896535474671,0.2088561230692454,0.4166666666666667
2025-05-27,-1.8131907257614523,-0.04699993133544922,-0.0060108987368511415,2.354896535474671,0.2088561230692454,0.43333333333333335
2025-05-28,-0.29540604855385616,-0.11899995803833008,0.003208984935321413,2.354896535474671,0.2088561230692454,0.45
2025-05-29,0.06976712587113455,-0.12900018692016602,-0.006825968207022139,2.354896535474671,0.2088561230692454,0.4666666666666667
2025-05-30,0.2170985694094214,-0.09299993515014648,0.002217308084377634,2.354896535474671,0.2088561230692454,0.48333333333333334
2025-06-02,0.2066926622811697,-0.04699993133544922,-0.0023276168999925933,2.669213018222316,0.34093913800881115,0.016666666666666666
2025-06-03,0.4513050282907298,0.026000022888183594,-0.0027166756923230474,2.669213018222316,0.34093913800881115,0.03333333333333333
2025-06-04,0.8517032259527489,-0.1120004653930664,-0.010973043588961532,2.669213018222316,0.34093913800881115,0.05
2025-06-05,0.0911957634664232,-0.029999732971191406,-0.0054540174049802605,2.669213018222316,0.34093913800881115,0.06666666666666667
2025-06-06,0.0881108857948188,0.09400033950805664,-0.001410431289986059,2.669213018222316,0.34093913800881115,0.08333333333333333
2025-06-09,0.8567996515286604,0.019999980926513672,0.002428714955283036,2.669213018222316,0.34093913800881115,0.13333333333333333
2025-06-10,1.6498660530764568,0.01399993896484375,-0.002017115612464581,2.669213018222316,0.34093913800881115,0.15
2025-06-11,1.4821403567966147,0.04700040817260742,-0.0016209472052186383,2.669213018222316,0.34093913800881115,0.16666666666666666
2025-06-12,1.9006625867445106,-0.037000179290771484,-0.008339311131292744,2.669213018222316,0.34093913800881115,0.18333333333333332
2025-06-13,0.3869176026182126,-0.08600044250488281,-0.010234695633097519,2.669213018222316,0.34093913800881115,0.2
2025-06-16,1.0149010387677915,-0.029999732971191406,-0.009546151804614397,2.669213018222316,0.34093913800881115,0.25
2025-06-17,-1.4255893079836826,-0.08099985122680664,-0.002324793625429836,2.669213018222316,0.34093913800881115,0.26666666666666666
2025-06-18,-0.9203992593820497,-0.015000343322753906,0.0028349356578381804,2.669213018222316,0.34093913800881115,0.2833333333333333
2025-06-19,-0.8559803770437341,0.039999961853027344,0.01005958271189187,2.669213018222316,0.34093913800881115,0.3
2025-06-20,-2.4727762337659107,-0.048999786376953125,0.005383717416640919,2.669213018222316,0.34093913800881115,0.31666666666666665
2025-06-23,-3.209236288904968,-0.13199996948242188,0.004276538162762066,2.669213018222316,0.34093913800881115,0.36666666666666664
2025-06-24,-1.8251907038707853,-0.09999990463256836,-0.009762118231440789,2.669213018222316,0.34093913800881115,0.38333333333333336
2025-06-25,-1.4897979868067304,-0.10399961471557617,-0.012513549849721823,2.669213018222316,0.34093913800881115,0.4
2025-06-26,-1.183120432157045,-0.14400005340576172,-0.01795419124654019,2.669213018222316,0.34093913800881115,0.4166666666666667
2025-06-27,-0.9471741761267114,-0.09200000762939453,-0.01336002284027954,2.669213018222316,0.34093913800881115,0.43333333333333335
2025-06-30,-1.1023139914968407,-0.09000015258789062,-0.015770945938848854,2.669213018222316,0.34093913800881115,0.48333333333333334
2025-07-01,0.1885206155610531,-0.04200029373168945,-0.010684310738407449,2.7049023971513986,0.15097919463296083,0.0
2025-07-02,0.13720551676528664,0.0,-0.00925648417469255,2.7049023971513986,0.15097919463296083,0.016666666666666666
2025-07-03,0.7651622564978406,0.0950002670288086,0.00030874058820045205,2.7049023971513986,0.15097919463296083,0.03333333333333333
2025-07-04,0.7444066421018034,0.06500005722045898,-0.0022612941965255134,2.7049023971513986,0.15097919463296083,0.05
2025-07-07,0.8905417067526598,0.16499996185302734,0.006174192299671906,2.7049023971513986,0.15097919463296083,0.1
2025-07-08,1.0372012988696486,0.1640000343322754,0.007101377395279283,2.7049023971513986,0.15097919463296083,0.11666666666666667
2025-07-09,0.875703372555292,0.048999786376953125,0.007104302121007172,2.7049023971513986,0.15097919463296083,0.13333333333333333
2025-07-10,0.7254146276602532,-0.0019998550415039062,0.004824740830616163,2.7049023971513986,0.15097919463296083,0.15
2025-07-11,0.6796070951563334,0.07499980926513672,0.0068707461299520566,2.7049023971513986,0.15097919463296083,0.16666666666666666
2025-07-14,0.3653593910961438,0.032000064849853516,0.006136227662735567,2.7049023971513986,0.15097919463296083,0.21666666666666667
2025-07-15,0.5627302761555125,0.07399988174438477,0.011319149891295502,2.7049023971513986,0.15097919463296083,0.23333333333333334
2025-07-16,0.273324521940076,0.11299991607666016,0.009394515801279838,2.7049023971513986,0.15097919463296083,0.25
2025-07-17,0.637732375402881,0.11699962615966797,0.010999212675820404,2.7049023971513986,0.15097919463296083,0.26666666666666666
2025-07-18,0.4283467410095925,0.009000301361083984,0.006417837715639176,2.7049023971513986,0.15097919463296083,0.2833333333333333
2025-07-21,0.10767699580334122,-0.05499982833862305,-0.0023478126088688606,2.7049023971513986,0.15097919463296083,0.3333333333333333
2025-07-22,0.3017770694186389,-0.1529998779296875,-0.012550578940110798,2.7049023971513986,0.15097919463296083,0.35
2025-07-23,0.7207119756227547,-0.06699991226196289,-0.012065589259342986,2.7049023971513986,0.15097919463296083,0.36666666666666664
2025-07-24,0.932400323354632,-0.05499982833862305,-0.01376806307473944,2.7049023971513986,0.15097919463296083,0.38333333333333336
2025-07-25,0.8828979956881006,-0.046000003814697266,-0.008463843014974996,2.7049023971513986,0.15097919463296083,0.4
2025-07-28,0.11861180035348522,0.04799985885620117,0.008243954676049138,2.7049023971513986,0.15097919463296083,0.45
2025-07-29,-0.6556049429883127,-0.006000041961669922,0.01548685307039007,2.7049023971513986,0.15097919463296083,0.4666666666666667
2025-07-30,-0.470099631794869,-0.012000083923339844,0.027696452929837568,2.7049023971513986,0.15097919463296083,0.48333333333333334
2025-07-31,-0.17489289678591077,-0.04799985885620117,0.026849306243950214,2.7049023971513986,0.15097919463296083,0.5
2025-08-01,-3.7117536474794295,-0.1660003662109375,0.010593975973359652,2.9161742842984006,0.2872638121889093,0.0
2025-08-04,-3.4268777797630645,-0.2200002670288086,0.0012155098306094365,2.9161742842984006,0.2872638121889093,0.05
2025-08-05,-2.6834394457507966,-0.13399982452392578,-0.00131524002172889,2.9161742842984006,0.2872638121889093,0.06666666666666667
2025-08-06,-2.560194358932949,-0.15600013732910156,-0.01776749860654253,2.9161742842984006,0.2872638121889093,0.08333333333333333
2025-08-07,-2.031972180943312,-0.11600017547607422,-0.016429309228612007,2.9161742842984006,0.2872638121889093,0.1
2025-08-08,-1.8593199936117477,0.06500005722045898,-0.005181117183811696,2.9161742842984006,0.2872638121889093,0.11666666666666667
2025-08-11,-1.4390688340042062,0.07299995422363281,-0.0026356035759713932,2.9161742842984006,0.2872638121889093,0.16666666666666666
2025-08-12,-1.540620543257028,0.0970001220703125,-0.006907791737686192,2.9161742842984006,0.2872638121889093,0.18333333333333332
2025-08-13,-1.7249666696361083,0.018000125885009766,-0.0034690777888921904,2.9161742842984006,0.2872638121889093,0.2
2025-08-14,-1.4943190948040022,0.04900026321411133,-0.0015255688157364282,2.9161742842984006,0.2872638121889093,0.21666666666666667
2025-08-15,-1.342254815464183,0.043000221252441406,-0.003366853490212057,2.9161742842984006,0.2872638121889093,0.23333333333333334
2025-08-18,-1.029974200904131,0.06800031661987305,-0.003558888126157298,2.9161742842984006,0.2872638121889093,0.2833333333333333
2025-08-19,-1.1534822881702786,0.008999824523925781,0.0017314071970294064,2.9161742842984006,0.2872638121889093,0.3
2025-08-20,-0.9652597824348724,0.05800008773803711,0.003876419090009025,2.9161742842984006,0.2872638121889093,0.31666666666666665
2025-08-21,-0.6498918409695208,0.03699970245361328,0.003758857896761488,2.9161742842984006,0.2872638121889093,0.3333333333333333
2025-08-22,-1.3122142932658807,-0.06799983978271484,-0.0013294193666388184,2.9161742842984006,0.2872638121889093,0.35
2025-08-25,-1.1339244786275053,-0.06599998474121094,0.002644987689000835,2.9161742842984006,0.2872638121889093,0.4
2025-08-26,-1.1624085224018263,-0.04400014877319336,-0.00040705635302838846,2.9161742842984006,0.2872638121889093,0.4166666666666667
2025-08-27,-1.6747743683889638,-0.05800008773803711,0.00010182882164453671,2.9161742842984006,0.2872638121889093,0.43333333333333335
2025-08-28,-1.3684935021087348,-0.1230001449584961,-0.008247312304432713,2.9161742842984006,0.2872638121889093,0.45
2025-08-29,-2.189987505937959,-0.03299999237060547,0.0005114883011876919,2.9161742842984006,0.2872638121889093,0.4666666666666667
2025-09-01,-1.998596819177471,-0.04799985885620117,-0.006727891558981923,3.0126767755256134,0.2543398276415587,0.0
2025-09-02,-2.015264554511892,0.01900005340576172,0.001729117704109803,3.0126767755256134,0.2543398276415587,0.016666666666666666
2025-09-03,-2.0694578696516683,-0.026999950408935547,-0.0009166774184325476,3.0126767755256134,0.2543398276415587,0.03333333333333333
2025-09-04,-2.162522167287838,-0.03099966049194336,0.005505732978585561,3.0126767755256134,0.2543398276415587,0.05
2025-09-05,-2.994828988528084,-0.14100027084350586,0.0,3.0126767755256134,0.2543398276415587,0.06666666666666667
2025-09-08,-2.211532914166211,-0.1810002326965332,-0.0032783525451430197,3.0126767755256134,0.2543398276415587,0.11666666666666667
2025-09-09,-1.7382836169111273,-0.20300006866455078,-0.006218487878745843,3.0126767755256134,0.2543398276415587,0.13333333333333333
2025-09-10,-1.6982876228772101,-0.1789999008178711,-0.0036749797762452865,3.0126767755256134,0.2543398276415587,0.15
2025-09-11,-1.5310527527944775,-0.16499996185302734,-0.008269969652205219,3.0126767755256134,0.2543398276415587,0.16666666666666666
2025-09-12,-1.3739697334266008,-0.02500009536743164,-0.002252648829415904,3.0126767755256134,0.2543398276415587,0.18333333333333332
2025-09-15,-1.5482957179258479,-0.012000083923339844,-0.0015403740810533246,3.0126767755256134,0.2543398276415587,0.23333333333333334
2025-09-16,-1.5048933651371659,-0.04799985885620117,-0.011933108098843527,3.0126767755256134,0.2543398276415587,0.25
2025-09-17,-1.5856065967248454,0.04400014877319336,-0.00935014287474833,3.0126767755256134,0.2543398276415587,0.26666666666666666
2025-09-18,-1.3139179966152172,0.09299993515014648,-0.0019498435240253742,3.0126767755256134,0.2543398276415587,0.2833333333333333
2025-09-19,-1.2404231281533558,0.07800006866455078,0.0009221409205623194,3.0126767755256134,0.2543398276415587,0.3
2025-09-22,-1.4638469964790934,0.10900020599365234,0.00030826469487571414,3.0126767755256134,0.2543398276415587,0.35
2025-09-23,-1.3790253289973136,0.09399986267089844,0.006498603352243253,3.0126767755256134,0.2543398276415587,0.36666666666666664
2025-09-24,-1.1280864826361117,0.0709996223449707,0.010270193709731208,3.0126767755256134,0.2543398276415587,0.38333333333333336
2025-09-25,-0.7217895523002831,0.06799983978271484,0.012251348421267943,3.0126767755256134,0.2543398276415587,0.4
2025-09-26,-0.9810228457448461,0.04799985885620117,0.005209696995148306,3.0126767755256134,0.2543398276415587,0.4166666666666667
2025-09-29,-0.866545977920657,-0.0020003318786621094,0.005941441517539761,3.0126767755256134,0.2543398276415587,0.4666666666666667
2025-09-30,-1.1096906531484743,0.0279998779296875,0.005229920242811646,3.0126767755256134,0.2543398276415587,0.48333333333333334
2025-10-01,-1.0769331240971765,-0.0409998893737793,-0.0016361969148932457,3.0126767755256134,0.2543398276415587,0.5
2025-10-02,-1.0035089631103185,-0.0840001106262207,-0.007128386317298731,3.0126767755256134,0.2543398276415587,0.5166666666666667
2025-10-03,-0.7408704427493116,-0.06799983978271484,-0.0043906773874824384,3.0126767755256134,0.2543398276415587,0.5333333333333333
2025-10-06,-0.6141920815636286,0.021000385284423828,0.0020405776276018572,3.0126767755256134,0.2543398276415587,0.5833333333333334
2025-10-07,-1.0359873061758282,-0.020999908447265625,0.008250672668960856,3.0126767755256134,0.2543398276415587,0.6
2025-10-08,-0.9837428069393879,0.023000240325927734,0.011599635593910295,3.0126767755256134,0.2543398276415587,0.6166666666666667
2025-10-09,-0.5723095147369185,0.059999942779541016,0.01712390437996661,3.0126767755256134,0.2543398276415587,0.6333333333333333
2025-10-10,-0.5097551129585388,-0.06799983978271484,0.012811584557626253,3.0126767755256134,0.2543398276415587,0.65
2025-10-13,-0.46176156676492447,-0.11100006103515625,0.011754072389041964,3.0126767755256134,0.2543398276415587,0.7
2025-10-14,-0.3877736765295022,-0.10500001907348633,0.004756384103301651,3.0126767755256134,0.2543398276415587,0.7166666666666667
2025-10-15,0.09136518745229463,-0.08300018310546875,-0.0006071398565275244,3.0126767755256134,0.2543398276415587,0.7333333333333333
2025-10-16,-0.2718072490285523,-0.17199969291687012,-0.01162041595370657,3.0126767755256134,0.2543398276415587,0.75
2025-10-17,-1.8978597352307867,-0.04400014877319336,-0.00557220469745653,3.0126767755256134,0.2543398276415587,0.7666666666666667
2025-10-20,-3.3267375241004014,-0.06500005722045898,-0.006873577343322397,3.0126767755256134,0.2543398276415587,0.8166666666666667
2025-10-21,-2.935584271015201,-0.05899977684020996,-0.0012122715349392659,3.0126767755256134,0.2543398276415587,0.8333333333333334
2025-10-22,-2.2751697944730074,-0.09299993515014648,0.001112859733377246,3.0126767755256134,0.2543398276415587,0.85
2025-10-23,-1.9343157286668604,0.014999866485595703,0.005574463800902454,3.0126767755256134,0.2543398276415587,0.8666666666666667
2025-10-24,-2.3663225889089743,-0.009999990463256836,0.00526900246560665,3.0126767755256134,0.2543398276415587,0.8833333333333333
2025-10-27,-2.813666333247067,0.010999917984008789,0.0019253433125688885,3.0126767755256134,0.2543398276415587,0.9333333333333333
2025-10-28,-2.260940559516419,0.019999980926513672,-0.002428883497848461,3.0126767755256134,0.2543398276415587,0.95
2025-10-29,-1.7656047405111428,0.10500001907348633,0.0032303651187283624,3.0126767755256134,0.2543398276415587,0.9666666666666667
2025-10-30,-1.100939487014895,0.10199999809265137,0.0059454635181106445,3.0126767755256134,0.2543398276415587,0.9833333333333333
2025-10-31,-1.648809414870271,0.10399985313415527,0.008553572688992213,3.0126767755256134,0.2543398276415587,1.0
2025-11-03,-0.37073132809174153,0.10899996757507324,0.01097422500193299,2.6794312940341625,-0.2087438423645338,0.03333333333333333
2025-11-04,-0.12172022318725323,0.10600018501281738,0.01538413278976565,2.6794312940341625,-0.2087438423645338,0.05
2025-11-05,-0.1722132606572369,0.0989999771118164,0.009828539018201821,2.6794312940341625,-0.2087438423645338,0.06666666666666667
2025-11-06,-0.608736773722422,0.0,0.002007474080697615,2.6794312940341625,-0.2087438423645338,0.08333333333333333
2025-11-07,-0.6575995459691777,-0.007999897003173828,-0.002006064625670369,2.6794312940341625,-0.2087438423645338,0.1
2025-11-10,-0.040240316755558656,0.004000186920166016,-0.002506392540889723,2.6794312940341625,-0.2087438423645338,0.15
2025-11-11,0.036136102553386514,0.03099966049194336,-0.0076122376302011855,2.6794312940341625,-0.2087438423645338,0.16666666666666666
2025-11-12,0.0024536829304343715,-0.09200000762939453,-0.007211505514086851,2.6794312940341625,-0.2087438423645338,0.18333333333333332
2025-11-13,0.5272853577829489,0.01900005340576172,-0.00553018393601756,2.6794312940341625,-0.2087438423645338,0.2
2025-11-14,0.5480372102783595,0.05499982833862305,-0.00331877248504736,2.6794312940341625,-0.2087438423645338,0.21666666666666667
2025-11-17,0.11940766717085975,0.02299976348876953,-0.00030125404403642185,2.6794312940341625,-0.2087438423645338,0.26666666666666666
2025-11-18,0.17194270892348718,0.0030002593994140625,0.000904517084120688,2.6794312940341625,-0.2087438423645338,0.2833333333333333
2025-11-19,0.19847519777004768,0.06799983978271484,0.007510925849065656,2.6794312940341625,-0.2087438423645338,0.3
2025-11-20,0.34744370062258645,-0.006000041961669922,0.009832559776404447,2.6794312940341625,-0.2087438423645338,0.31666666666666665
2025-11-21,-0.9666433327226954,-0.08499956130981445,0.009125194190309507,2.6794312940341625,-0.2087438423645338,0.3333333333333333
2025-11-24,-1.2501623584219632,-0.09499979019165039,0.005507479635126844,2.6794312940341625,-0.2087438423645338,0.38333333333333336
2025-11-25,-1.2488028135339588,-0.12100028991699219,0.0011043684335552031,2.6794312940341625,-0.2087438423645338,0.4
2025-11-26,-0.5093995270508613,-0.13499999046325684,-0.006305429258594873,2.6794312940341625,-0.2087438423645338,0.4166666666666667
2025-11-27,-0.5878432816836076,-0.10800004005432129,-0.005606794643898275,2.6794312940341625,-0.2087438423645338,0.43333333333333335
2025-11-28,-2.4893196513424427,-0.046000003814697266,-0.0072130268941331425,2.6794312940341625,-0.2087438423645338,0.45
2025-12-01,-2.3668104303286395,0.05800008773803711,-0.0073164517443224325,2.713530886580684,-0.020979754536887274,0.0
2025-12-02,-2.443324609707361,0.0840001106262207,-0.0030148052712897448,2.713530886580684,-0.020979754536887274,0.016666666666666666
2025-12-03,-2.680176162005636,0.059000253677368164,-0.007558615090163838,2.713530886580684,-0.020979754536887274,0.03333333333333333
2025-12-04,-2.523470760274532,0.1099998950958252,-0.006143335919032736,2.713530886580684,-0.020979754536887274,0.05
2025-12-05,-2.2104446827467035,0.12199974060058594,-0.00473673073016169,2.713530886580684,-0.020979754536887274,0.06666666666666667
2025-12-08,-1.7040359772374027,0.07599973678588867,-0.0032242579490924287,2.713530886580684,-0.020979754536887274,0.11666666666666667
2025-12-09,-1.3333543334935805,0.09999990463256836,-0.001410005152100946,2.713530886580684,-0.020979754536887274,0.13333333333333333
2025-12-10,-1.693855222388192,0.10699987411499023,-0.0006071398565275244,2.713530886580684,-0.020979754536887274,0.15
2025-12-11,-1.7886916487684108,0.03299999237060547,-0.006486284031165432,2.713530886580684,-0.020979754536887274,0.16666666666666666
2025-12-12,-2.0314423075726653,0.05499982833862305,-0.005977993786343291,2.713530886580684,-0.020979754536887274,0.18333333333333332
2025-12-15,-1.661031493066999,0.010000228881835938,-0.009531554844533838,2.713530886580684,-0.020979754536887274,0.23333333333333334
2025-12-16,-1.4189027985121603,-0.03699970245361328,-0.010842682907030053,2.713530886580684,-0.020979754536887274,0.25
2025-12-17,-1.309709565960237,-0.013000011444091797,-0.004260486878193933,2.713530886580684,-0.020979754536887274,0.26666666666666666
2025-12-18,-1.4152546722555934,-0.024999618530273438,0.0008131094212695306,2.713530886580684,-0.020979754536887274,0.2833333333333333
2025-12-19,-1.3024281716283075,-0.0429997444152832,0.002030426568037146,2.713530886580684,-0.020979754536887274,0.3
2025-12-22,-1.1241667687700252,-0.013000011444091797,0.0014253656242229084,2.713530886580684,-0.020979754536887274,0.35
2025-12-23,-0.8106828846319889,0.019999980926513672,-0.002141865067125881,2.713530886580684,-0.020979754536887274,0.36666666666666664
2025-12-24,-0.6366890984080217,-0.014999866485595703,-0.003972496973752984,2.713530886580684,-0.020979754536887274,0.38333333333333336
2025-12-26,-0.7370385741796989,0.019999980926513672,-0.004174133507588862,2.713530886580684,-0.020979754536887274,0.4166666666666667
2025-12-29,-0.774618446057222,-0.034999847412109375,-0.005695678134928381,2.713530886580684,-0.020979754536887274,0.4666666666666667
2025-12-30,-0.6772503324826558,-0.03900003433227539,-0.0005088592392750596,2.713530886580684,-0.020979754536887274,0.48333333333333334
2025-12-31,-0.4747210310837029,-0.006000041961669922,0.0034654640305700596,2.713530886580684,-0.020979754536887274,0.5
2026-01-02,-0.75267252408162,0.05099964141845703,0.004480606361489235,3.056668937437612,0.36969147117456025,0.016666666666666666
2026-01-05,-1.1646973262297795,0.028999805450439453,0.0025472529800599137,3.056668937437612,0.36969147117456025,0.06666666666666667
2026-01-06,-0.9415746418129022,0.06299972534179688,0.005492851853317589,3.056668937437612,0.36969147117456025,0.08333333333333333
2026-01-07,-1.0068239209492467,0.007999897003173828,0.004468852099920715,3.056668937437612,0.36969147117456025,0.1
2026-01-08,-1.2206651924804732,0.019999980926513672,0.006591997187584377,3.056668937437612,0.36969147117456025,0.11666666666666667
2026-01-09,-1.1400684710269604,-0.015999794006347656,0.0071880755046015345,3.056668937437612,0.36969147117456025,0.13333333333333333
2026-01-12,-0.012339350681542193,0.021999835968017578,0.005985955838685737,3.056668937437612,0.36969147117456025,0.18333333333333332
2026-01-13,1.8604777671345039,-0.007999897003173828,0.0055636724864020935,3.056668937437612,0.36969147117456025,0.2
2026-01-14,1.6320095347012062,0.0019998550415039062,0.004549797584199872,3.056668937437612,0.36969147117456025,0.21666666666666667
2026-01-15,1.7204148831544828,-0.023000240325927734,0.0039344251474181064,3.056668937437612,0.36969147117456025,0.23333333333333334
2026-01-16,1.1799509195136848,0.059999942779541016,0.002619406501002924,3.056668937437612,0.36969147117456025,0.25
2026-01-19,1.1086539476253157,0.04400014877319336,0.005346784786227409,3.056668937437612,0.36969147117456025,0.3
2026-01-20,1.696965747953204,0.12400007247924805,-0.00495523966951467,3.056668937437612,0.36969147117456025,0.31666666666666665
2026-01-21,2.1152786422407472,0.11299991607666016,-0.003739406230433915,3.056668937437612,0.36969147117456025,0.3333333333333333
2026-01-22,1.8231043522644905,0.08900022506713867,-0.00971273401403998,3.056668937437612,0.36969147117456025,0.35
2026-01-23,1.4146048700042473,0.007999897003173828,-0.01817402105389705,3.056668937437612,0.36969147117456025,0.36666666666666664
2026-01-26,1.0627542942620467,-0.018000125885009766,-0.023928224768608293,3.056668937437612,0.36969147117456025,0.4166666666666667
2026-01-27,0.8022586681083173,-0.07200002670288086,-0.02483960371052925,3.056668937437612,0.36969147117456025,0.43333333333333335
2026-01-28,1.14976028423829,-0.0019998550415039062,-0.023667978396591627,3.056668937437612,0.36969147117456025,0.45
2026-01-29,0.9821212792766807,-0.021999835968017578,-0.021373623317081033,3.056668937437612,0.36969147117456025,0.4666666666666667
2026-01-30,0.6382157101469172,0.0020003318786621094,-0.006269619404855466,3.056668937437612,0.36969147117456025,0.48333333333333334
2026-02-02,0.7788043709724902,0.062000274658203125,0.005856679369504708,2.8690059841786075,0.4713268481054689,0.016666666666666666
2026-02-03,1.1191894153565534,0.051000118255615234,0.012599580059177851,2.8690059841786075,0.4713268481054689,0.03333333333333333
2026-02-04,1.2016063186352264,0.024000167846679688,0.012057710883534847,2.8690059841786075,0.4713268481054689,0.05
2026-02-05,0.475903758386044,-0.017000198364257812,0.015868451755249376,2.8690059841786075,0.4713268481054689,0.06666666666666667
2026-02-06,0.9769994010198334,-0.03500032424926758,0.006576936724831696,2.8690059841786075,0.4713268481054689,0.08333333333333333
2026-02-09,1.2112107532825174,-0.07700014114379883,-0.008126372080277956,2.8690059841786075,0.4713268481054689,0.13333333333333333
2026-02-10,1.0395237627462899,-0.1270003318786621,-0.006589803208114941,2.8690059841786075,0.4713268481054689,0.15
2026-02-11,1.6595421479410768,-0.10300016403198242,-0.008125536061011726,2.8690059841786075,0.4713268481054689,0.16666666666666666
2026-02-12,1.3738641322770218,-0.10599994659423828,-0.009139980338511605,2.8690059841786075,0.4713268481054689,0.18333333333333332
2026-02-13,0.8847837906223995,-0.14999961853027344,-0.007711724210532533,2.8690059841786075,0.4713268481054689,0.2
2026-02-16,0.83090491129189,-0.1419997215270996,0.0006194895349279678,2.8690059841786075,0.4713268481054689,0.25
2026-02-17,0.8053925394488352,-0.09499979019165039,0.0037121160165498293,2.8690059841786075,0.4713268481054689,0.26666666666666666
2026-02-18,1.7139721612591512,-0.09299993515014648,0.008944645279296993,2.8690059841786075,0.4713268481054689,0.2833333333333333
2026-02-19,0.7970592258111209,-0.029000282287597656,0.010263869196036871,2.8690059841786075,0.4713268481054689,0.3
2026-02-20,0.7502357246542518,0.029999732971191406,0.00945153735035359,2.8690059841786075,0.4713268481054689,0.31666666666666665
2026-02-23,-0.015147529271281424,-0.02700042724609375,0.008428456918245243,2.8690059841786075,0.4713268481054689,0.36666666666666664
2026-02-24,-0.085277188357886,-0.01900005340576172,0.007383068688258804,2.8690059841786075,0.4713268481054689,0.38333333333333336
2026-02-25,-0.2065065120807726,-0.031000137329101562,0.0,2.8690059841786075,0.4713268481054689,0.4
2026-02-26,-0.24880315672321737,-0.057999610900878906,-0.001430609162606313,2.8690059841786075,0.4713268481054689,0.4166666666666667
2026-02-27,-1.514817157219946,-0.12400007247924805,-0.0019446548050036207,2.8690059841786075,0.4713268481054689,0.43333333333333335
2026-03-02,-0.10034880136308473,0.01900005340576172,0.00693597563636959,3.488444976526428,1.0490077573940049,0.016666666666666666
2026-03-03,0.5842841329064546,0.023000240325927734,0.011882593441072084,3.488444976526428,1.0490077573940049,0.03333333333333333
2026-03-04,0.5414478558904547,0.032000064849853516,0.010892353119924347,3.488444976526428,1.0490077573940049,0.05
2026-03-05,-0.5568739745012782,0.1289997100830078,0.015524625880952839,3.488444976526428,1.0490077573940049,0.06666666666666667
2026-03-06,-2.9517857125093823,0.17100000381469727,0.014038859911615255,3.488444976526428,1.0490077573940049,0.08333333333333333
2026-03-09,0.2607029166483956,0.08800029754638672,0.008098880688877014,3.488444976526428,1.0490077573940049,0.13333333333333333
2026-03-10,0.5252104432176867,0.07999992370605469,-0.002223583039426428,3.488444976526428,1.0490077573940049,0.15
2026-03-11,1.1189757536204494,0.12800025939941406,0.004646540823320621,3.488444976526428,1.0490077573940049,0.16666666666666666
2026-03-12,1.6821595731909713,0.1269998550415039,0.004219821132670833,3.488444976526428,1.0490077573940049,0.18333333333333332
2026-03-13,1.3472124176553333,0.15199995040893555,0.013744914228392826,3.488444976526428,1.0490077573940049,0.2
2026-03-16,1.4402044911135503,0.0839996337890625,0.005329579520823704,3.488444976526428,1.0490077573940049,0.25
2026-03-17,1.309698551684697,0.06599998474121094,0.007560138686403189,3.488444976526428,1.0490077573940049,0.26666666666666666
2026-03-18,1.6483136549656974,0.05099964141845703,0.008629322886787182,3.488444976526428,1.0490077573940049,0.2833333333333333
2026-03-19,1.7059194003537912,0.008000373840332031,-0.005126356944009673,3.488444976526428,1.0490077573940049,0.3
2026-03-20,1.9545905450211027,0.10599994659423828,-0.007099665608657256,3.488444976526428,1.0490077573940049,0.31666666666666665
2026-03-23,1.2973236950046185,0.11400032043457031,-0.007651322451639314,3.488444976526428,1.0490077573940049,0.36666666666666664
2026-03-24,1.7135972574019402,0.19000005722045898,-0.0015074775405772218,3.488444976526428,1.0490077573940049,0.38333333333333336
2026-03-25,1.5195087572035777,0.069000244140625,-0.004907595372279314,3.488444976526428,1.0490077573940049,0.4
2026-03-26,1.3625409917010676,0.13499975204467773,0.0067292791725956265,3.488444976526428,1.0490077573940049,0.4166666666666667
2026-03-27,0.37024425720748777,0.04900026321411133,0.005005015376576397,3.488444976526428,1.0490077573940049,0.43333333333333335
2026-03-30,-0.3914179487760689,0.007999897003173828,0.01564260508339677,3.488444976526428,1.0490077573940049,0.48333333333333334
2026-03-31,-0.2771037790358274,-0.08100032806396484,0.005316214746579883,3.488444976526428,1.0490077573940049,0.5
2026-04-01,0.09483013678493483,-0.009000301361083984,0.0005019127007030272,4.134159268790705,0.850057387201586,0.0
2026-04-02,0.2161962351220972,-0.10299968719482422,0.0013004278651482057,4.134159268790705,0.850057387201586,0.016666666666666666
2026-04-06,1.4170441697324074,-0.10500001907348633,-0.0016988777862874272,4.134159268790705,0.850057387201586,0.08333333333333333
2026-04-07,0.7740826100542383,0.0009999275207519531,-0.00869356202214603,4.134159268790705,0.850057387201586,0.1
2026-04-08,-1.0396515595116962,-0.019999980926513672,-0.008338004469878958,4.134159268790705,0.850057387201586,0.11666666666666667
2026-04-09,-2.2654007756871546,-0.02599954605102539,-0.008364051641780588,4.134159268790705,0.850057387201586,0.13333333333333333
2026-04-10,-1.5896820099341287,0.0039997100830078125,-0.013891880857493107,4.134159268790705,0.850057387201586,0.15
2026-04-13,-0.510731810554063,-0.03800010681152344,-0.01623429211587716,4.134159268790705,0.850057387201586,0.2
2026-04-14,0.4005466728945069,-0.08699989318847656,-0.015372436886052549,4.134159268790705,0.850057387201586,0.21666666666666667
2026-04-15,0.36491752919760184,-0.008999824523925781,-0.010852581011914313,4.134159268790705,0.850057387201586,0.23333333333333334
2026-04-16,0.1271284103771014,0.015999794006347656,-0.006090137290052713,4.134159268790705,0.850057387201586,0.25
2026-04-17,-0.872370197193812,-0.0710000991821289,-0.005590896919229766,4.134159268790705,0.850057387201586,0.26666666666666666
2026-04-20,-0.989418084420406,-0.04699993133544922,-0.003258323678736846,4.134159268790705,0.850057387201586,0.31666666666666665
2026-04-21,-0.8996012788938569,0.03599977493286133,0.0029512147413108844,4.134159268790705,0.850057387201586,0.3333333333333333
2026-04-22,-1.0981314050875313,0.012000083923339844,0.005390288116092022,4.134159268790705,0.850057387201586,0.35
2026-04-23,-1.006600129527753,0.01399993896484375,0.005887762602705929,4.134159268790705,0.850057387201586,0.36666666666666664
2026-04-24,-1.120803959972518,0.06400012969970703,0.004170736536008845,4.134159268790705,0.850057387201586,0.38333333333333336
2026-04-27,-1.3440217590710961,0.08599996566772461,0.004375932196802106,4.134159268790705,0.850057387201586,0.43333333333333335
2026-04-28,-1.213925349057271,0.062000274658203125,0.0021316465224616634,4.134159268790705,0.850057387201586,0.45
2026-04-29,-1.1357700282118508,0.12400007247924805,0.0033416247006420653,4.134159268790705,0.850057387201586,0.4666666666666667
2026-04-30,-1.4909179879334415,0.06699991226196289,-0.007314144785166003,4.134159268790705,0.850057387201586,0.48333333333333334
2026-05-01,-2.0704812286212833,0.06799983978271484,-0.003050053705461883,4.466403778113737,0.6314936039877539,0.0
2026-05-04,-0.6884574232367735,0.1100001335144043,-0.0001015703072515057,4.466403778113737,0.6314936039877539,0.05
2026-05-05,0.32774326484446964,0.06199979782104492,-0.0014205926824691405,4.466403778113737,0.6314936039877539,0.06666666666666667
2026-05-06,0.43924093549408155,-0.062000274658203125,-0.009139918908789731,4.466403778113737,0.6314936039877539,0.08333333333333333
2026-05-07,0.2284186856299835,0.0020003318786621094,0.0017317598924779384,4.466403778113737,0.6314936039877539,0.1
2026-05-08,-0.14638892050729987,-0.01399993896484375,-0.003774579898199342,4.466403778113737,0.6314936039877539,0.11666666666666667
2026-05-11,0.3848760490972413,-0.03600025177001953,-0.005396874454669938,4.466403778113737,0.6314936039877539,0.16666666666666666
2026-05-12,0.7263945750437322,0.04699993133544922,-0.0019312140705726663,4.466403778113737,0.6314936039877539,0.18333333333333332
2026-05-13,0.48811388797307736,0.125,0.004682010729697226,4.466403778113737,0.6314936039877539,0.2
2026-05-14,-0.9335336582151023,0.0689997673034668,0.006391715183087867,4.466403778113737,0.6314936039877539,0.21666666666666667
2026-05-15,-0.8776004041742461,0.23099994659423828,0.014509922836091977,4.466403778113737,0.6314936039877539,0.23333333333333334
2026-05-18,-2.8353956644057123,0.21300029754638672,0.010461715040930304,4.466403778113737,0.6314936039877539,0.2833333333333333
2026-05-19,-1.7529465966946916,0.20399999618530273,0.010223299890743312,4.466403778113737,0.6314936039877539,0.3
2026-05-20,-2.746981628160305,0.09100008010864258,0.006376834613278986,4.466403778113737,0.6314936039877539,0.31666666666666665
2026-05-21,-0.5659522340958566,0.125,0.0031302614388748545,4.466403778113737,0.6314936039877539,0.3333333333333333
2026-05-22,-0.27239204910027953,-0.03699970245361328,0.0005035807818782223,4.466403778113737,0.6314936039877539,0.35
2026-05-25,-0.24056995294927708,-0.06500005722045898,0.0035301713246421768,4.466403778113737,0.6314936039877539,0.4
2026-05-26,-0.462644917038081,-0.17399978637695312,-0.001310071049596374,4.466403778113737,0.6314936039877539,0.4166666666666667
2026-05-27,-0.18674306324810247,-0.09100008010864258,0.001008455856693348,4.466403778113737,0.6314936039877539,0.43333333333333335
2026-05-28,0.2395165092839009,-0.13100004196166992,-0.0017154113396282533,4.466403778113737,0.6314936039877539,0.45
2026-05-29,0.056888854343148096,-0.10500001907348633,-0.004136574790902786,4.466403778113737,0.6314936039877539,0.4666666666666667
2026-06-01,2.286001900019219,-0.08300018310546875,-0.00120897404017503,3.8844042119670963,-0.349423942850835,0.0
2026-06-02,1.8454272338070385,-0.03800010681152344,0.0005040884416601016,3.8844042119670963,-0.349423942850835,0.016666666666666666
2026-06-03,1.9158729277014797,0.010000228881835938,0.003220287559661786,3.8844042119670963,-0.349423942850835,0.03333333333333333
2026-06-04,1.5705940012375499,0.02200031280517578,0.003930933030788501,3.8844042119670963,-0.349423942850835,0.05
2026-06-05,1.6558675028662844,0.08299970626831055,0.011659555276330277,3.8844042119670963,-0.349423942850835,0.06666666666666667
2026-06-08,1.6103602443399714,0.07700014114379883,0.008532108004929807,3.8844042119670963,-0.349423942850835,0.11666666666666667
2026-06-09,1.7255532248520198,0.07299995422363281,0.006930198223111544,3.8844042119670963,-0.349423942850835,0.13333333333333333
2026-06-10,1.5503715227974837,0.05099964141845703,0.004210936420267257,3.8844042119670963,-0.349423942850835,0.15
2026-06-11,0.9635745542613529,-0.014000415802001953,0.00451646212204205,3.8844042119670963,-0.349423942850835,0.16666666666666666
2026-06-12,0.6901159256008887,-0.048999786376953125,-0.0032028822827688216,3.8844042119670963,-0.349423942850835,0.18333333333333332
2026-06-15,0.6292217394137801,-0.08300018310546875,-0.004206795043125626,3.8844042119670963,-0.349423942850835,0.23333333333333334
2026-06-16,1.0351592683611333,-0.09999990463256836,-0.0037102347710185448,3.8844042119670963,-0.349423942850835,0.25
2026-06-17,1.5800982922373075,-0.07899999618530273,0.0013997142291983236,3.8844042119670963,-0.349423942850835,0.26666666666666666
2026-06-18,1.9104431481961328,-0.01199960708618164,0.009865038085502332,3.8844042119670963,-0.349423942850835,0.2833333333333333
2026-06-19,1.7032077348360193,-0.03599977493286133,0.010967193500065382,3.8844042119670963,-0.349423942850835,0.3
2026-06-22,2.216547260573511,0.039999961853027344,0.013855187320576648,3.8844042119670963,-0.349423942850835,0.35
2026-06-23,2.200501920199599,0.06500005722045898,0.018612159107829564,3.8844042119670963,-0.349423942850835,0.36666666666666664
2026-06-24,1.9416360777941595,-0.06099987030029297,0.015072216861833687,3.8844042119670963,-0.349423942850835,0.38333333333333336
2026-06-25,1.46929262039395,-0.05900001525878906,0.005734659126599152,3.8844042119670963,-0.349423942850835,0.4
2026-06-26,0.8147975455153903,-0.07899999618530273,0.0050442927644669035,3.8844042119670963,-0.349423942850835,0.4166666666666667
2026-06-29,1.3380141023352934,-0.13499975204467773,0.0008905553302981003,3.8844042119670963,-0.349423942850835,0.4666666666666667
2026-06-30,2.5710602324400935,-0.07499980926513672,-0.0021717798671999945,3.8844042119670963,-0.349423942850835,0.48333333333333334
2026-07-01,1.4054759917729036,0.07299995422363281,-0.002167500559947534,3.8844042119670963,-0.349423942850835,0.5
2026-07-02,0.37083703316210803,0.09299993515014648,-0.005635485696585034,3.8844042119670963,-0.349423942850835,0.5166666666666667
2026-07-03,0.3093243003911587,0.11299991607666016,-0.004945119334453037,3.8844042119670963,-0.349423942850835,0.5333333333333333
2026-07-06,0.9248391836764974,0.10500001907348633,-0.0025747898697798632,3.8844042119670963,-0.349423942850835,0.5833333333333334
2026-07-07,1.7969451524835616,0.11099958419799805,-0.0004942722515029578,3.8844042119670963,-0.349423942850835,0.6
2026-07-08,1.5413253650646772,0.09399986267089844,-0.0033589868945458298,3.8844042119670963,-0.349423942850835,0.6166666666666667
2026-07-09,0.28454923604133725,0.053999900817871094,0.0007928823987712243,3.8844042119670963,-0.349423942850835,0.6333333333333333
2026-07-10,0.6025433306594487,0.0839996337890625,0.001090032405938049,3.8844042119670963,-0.349423942850835,0.65
2026-07-13,1.5283638170449942,0.13000011444091797,0.004254697073071789,3.8844042119670963,-0.349423942850835,0.7
2026-07-14,0.5478944527462231,0.0560002326965332,-0.001979384518293617,3.8844042119670963,-0.349423942850835,0.7166666666666667
2026-07-15,0.005926050294662856,-0.023999691009521484,-0.00545774655097223,3.8844042119670963,-0.349423942850835,0.7333333333333333
2026-07-16,0.21847948594637517,0.03399991989135742,-0.002003228365512107,3.8844042119670963,-0.349423942850835,0.75
