date,close,sent_mean,sent_std,sent_min,sent_max,sent_decay,sent_momentum,sent_vol,sent_diffusion,headline_count_z,sig_buy,sig_sell,sig_hold,sig_none
2025-05-20,3289.86,-0.46463805,0.0,-0.46463805,-0.46463805,-0.46463805,0.0,0.0,-0.24,0.0,0.0,1.0,0.0,0.0
2025-05-21,3315.32,-0.48834655,0.03352887,-0.51205504,-0.46463805,-0.49107334,-0.047416985,0.03352887,-0.2354753,-0.7071066,0.0,1.0,0.0,0.0
2025-05-22,3294.79,-0.47712556,0.030656537,-0.51205504,-0.45468363,-0.476059,0.057371408,0.030656537,-0.23710974,-0.21821782,0.0,1.0,0.0,0.0
2025-05-23,3360.25,-0.47342485,0.026102295,-0.51205504,-0.45468363,-0.47136068,-0.0076391078,0.026102295,-0.2389275,-1.1258522,0.0,1.0,0.0,0.0
2025-05-26,3342.31,-0.4233371,0.11425813,-0.51205504,-0.22298601,-0.39656055,0.23933673,0.11425813,-0.20153163,-1.4034897,0.0,1.0,0.0,0.0
2025-05-27,3300.69,-0.39695293,0.11752155,-0.51205504,-0.22298601,-0.3789994,-0.10973122,0.10868577,-0.1965259,-1.2004899,0.0,1.0,0.0,0.0
2025-05-28,3288.47,-0.34982362,0.106562026,-0.46232274,-0.22298601,-0.35259584,0.056308735,0.11102427,-0.18554151,1.3959591,0.0,1.0,0.0,0.0
2025-05-29,3317.7,-0.28107592,0.13024779,-0.46232274,-0.11094514,-0.29342452,0.16546336,0.14232963,-0.15590687,2.3577526,0.0,1.0,0.0,0.0
2025-05-30,3291.13,-0.21196915,0.09762047,-0.33271724,-0.11094514,-0.251779,-0.0058437875,0.15494841,-0.13858025,2.3444269,0.0,1.0,0.0,0.0
2025-06-02,3381.67,-0.1949638,0.10250514,-0.33271724,-0.11094514,-0.22571185,-0.021170286,0.15798551,-0.12962463,1.8571031,0.0,1.0,0.0,0.0
2025-06-03,3353.49,-0.14935243,0.07212131,-0.2764085,-0.10466036,-0.19860442,0.033298854,0.15962324,-0.11945492,1.520329,0.0,1.0,0.0,0.0
2025-06-04,3372.32,-0.11728179,0.01253751,-0.13795921,-0.10466036,-0.18043926,-0.0113949515,0.14190759,-0.11340327,1.1085224,0.0,1.0,0.0,0.0
2025-06-05,3352.78,-0.13986503,0.04847109,-0.22386132,-0.10466036,-0.18986477,-0.107806005,0.11884023,-0.122703895,0.27801624,0.0,1.0,0.0,0.0
2025-06-06,3312.05,-0.16064452,0.057529196,-0.22386132,-0.10466036,-0.19648387,0.0031749469,0.08023784,-0.1270319,-0.7520121,0.0,1.0,0.0,0.0
2025-06-09,3325.6,-0.18847449,0.07485866,-0.27710912,-0.10466036,-0.21365336,-0.056422744,0.08468882,-0.13968326,-0.89979184,0.0,1.0,0.0,0.0
2025-06-10,3322.5,-0.22245136,0.06524264,-0.27710912,-0.11605531,-0.22653471,0.0025644093,0.07541808,-0.14707044,-0.782099,0.0,1.0,0.0,0.0
2025-06-11,3355.03,-0.23874567,0.035355322,-0.27710912,-0.19752689,-0.22043024,0.07701782,0.068728484,-0.14017116,-0.6217058,0.0,1.0,0.0,0.0
2025-06-12,3386.9,-0.22694999,0.048832558,-0.27710912,-0.16488285,-0.20878895,0.032644022,0.06488942,-0.12598144,-0.61681527,0.0,1.0,0.0,0.0
2025-06-13,3432.77,-0.20219953,0.07638789,-0.27710912,-0.09693414,-0.18542358,0.06794872,0.067409135,-0.102649316,-0.57620347,0.0,1.0,0.0,0.0
2025-06-16,3385.38,-0.13984363,0.116613775,-0.27454472,0.034670465,-0.13956693,0.13160461,0.09587189,-0.067906514,-0.40227443,0.0,0.0,1.0,0.0
2025-06-17,3388.59,-0.09483944,0.092576325,-0.19752689,0.034670465,-0.120844804,-0.08419422,0.10111596,-0.051311843,-0.28825685,0.0,0.0,1.0,0.0
2025-06-18,3369.37,-0.06837524,0.07265186,-0.16488285,0.034670465,-0.109294906,-0.015682133,0.104710385,-0.03824639,-0.2664765,0.0,0.0,1.0,0.0
2025-06-19,3370.64,-0.041551944,0.049031697,-0.09693414,0.034670465,-0.09301439,0.03443949,0.10805657,-0.025380969,-0.32418877,0.0,0.0,1.0,0.0
2025-06-20,3369.04,-0.038884673,0.04550144,-0.083597794,0.034670465,-0.09106413,-0.052831396,0.10451014,-0.022650069,-0.38708642,0.0,0.0,1.0,0.0
2025-06-23,3369.19,-0.08596335,0.0670462,-0.20072292,-0.030766398,-0.11375704,-0.117125124,0.09406474,-0.037538346,-0.57752293,0.0,0.0,1.0,0.0
2025-06-24,3323.08,-0.107712716,0.069850005,-0.20072292,-0.030766398,-0.12296282,0.042452317,0.0776115,-0.04230894,-0.7606275,0.0,0.0,1.0,0.0
2025-06-25,3332.25,-0.13300951,0.073419645,-0.20072292,-0.030766398,-0.1371689,-0.033419196,0.07682514,-0.059871227,-0.9557689,0.0,0.0,1.0,0.0
2025-06-26,3327.89,-0.18619068,0.077059135,-0.29667228,-0.083597794,-0.17012545,-0.10498249,0.09756467,-0.08252095,-0.7932823,0.0,0.0,1.0,0.0
2025-06-27,3274.57,-0.24224606,0.08527563,-0.3638747,-0.1582706,-0.21014507,-0.06720243,0.12505949,-0.09990155,-0.7006664,0.0,0.0,1.0,0.0
2025-06-30,3302.98,-0.3026184,0.13866837,-0.50258476,-0.1582706,-0.2705342,-0.13871002,0.15356685,-0.12942204,-0.39445868,0.0,0.0,1.0,0.0
2025-07-01,3338.99,-0.3728706,0.13621266,-0.5095315,-0.1916898,-0.31987745,-0.0069467793,0.17304572,-0.15500471,-0.13919075,0.0,1.0,0.0,0.0
2025-07-02,3357.11,-0.43779784,0.101107344,-0.516326,-0.29667228,-0.36042964,-0.006794493,0.18095192,-0.17390731,-0.04808779,0.0,1.0,0.0,0.0
2025-07-03,3326.11,-0.47925165,0.064724855,-0.516326,-0.3638747,-0.39005047,0.012384705,0.16839817,-0.18133137,1.0394013,0.0,1.0,0.0,0.0
2025-07-04,3337.08,-0.5019028,0.014870389,-0.516326,-0.4771305,-0.40802202,0.02681081,0.14852096,-0.19612479,1.1426135,0.0,1.0,0.0,0.0
2025-07-07,3336.35,-0.43875808,0.14159718,-0.516326,-0.1868611,-0.3623826,0.2902694,0.15035135,-0.17326824,0.9451185,0.0,1.0,0.0,0.0
2025-07-08,3301.67,-0.36487058,0.18513075,-0.516326,-0.14009406,-0.3165134,0.046767045,0.1532859,-0.15041123,0.6535222,0.0,0.0,1.0,0.0
2025-07-09,3313.69,-0.28294295,0.19186744,-0.5039413,-0.10668783,-0.2732181,0.03340622,0.1660299,-0.12920116,0.9932826,0.0,0.0,1.0,0.0
2025-07-10,3324.02,-0.21556202,0.14928624,-0.4771305,-0.10668783,-0.25130954,-0.060348753,0.17629941,-0.120156564,0.70635605,0.0,0.0,1.0,0.0
2025-07-11,3357.57,-0.122325614,0.069153845,-0.1868611,-0.0109485015,-0.20171712,0.15608808,0.20553741,-0.092937954,0.93272185,0.0,0.0,1.0,0.0
2025-07-14,3343.49,-0.042804107,0.15352754,-0.16703658,0.21074642,-0.116617866,0.22169493,0.250872,-0.04103651,3.6192467,0.0,0.0,1.0,0.0
2025-07-15,3324.91,0.021953637,0.16966979,-0.16703658,0.21074642,-0.05465878,-0.027051752,0.26380283,-0.0032865787,2.9055405,0.0,0.0,1.0,0.0
2025-07-16,3347.53,0.07976292,0.16402966,-0.16703658,0.21074642,-0.005759239,-0.00133609,0.25468156,0.024987364,2.363394,0.0,0.0,1.0,0.0
2025-07-17,3339.14,0.15973112,0.09767299,-0.0109485015,0.23280439,0.043458696,0.0504458,0.23080003,0.054438982,1.9378303,1.0,0.0,0.0,0.0
2025-07-18,3350.67,0.19095485,0.033037595,0.1451702,0.23280439,0.06444253,-0.08763419,0.17283794,0.06701252,1.704026,1.0,0.0,0.0,0.0
2025-07-21,3397.09,0.08667662,0.2242803,-0.31064472,0.23280439,-0.012940134,-0.4558149,0.19362122,0.035788167,-0.31155562,0.0,0.0,1.0,0.0
2025-07-22,3431.71,-0.0024907729,0.26158872,-0.31064472,0.23280439,-0.064351656,0.048502415,0.20826261,0.015008515,-0.497223,0.0,0.0,1.0,0.0
2025-07-23,3387.2,-0.050340116,0.24034175,-0.31064472,0.23280439,-0.0628119,0.20525417,0.20574972,0.020164344,-0.5957456,0.0,0.0,1.0,0.0
2025-07-24,3368.58,-0.09457428,0.19035706,-0.31064472,0.1451702,-0.047453612,0.068521686,0.19572696,0.027963959,-0.79247683,0.0,0.0,1.0,0.0
2025-07-25,3336.6,-0.13235034,0.14397728,-0.31064472,0.011633553,-0.046681322,-0.055343673,0.19680768,0.028744208,-0.97520095,0.0,0.0,1.0,0.0
2025-07-28,3314.55,-0.08781251,0.1039011,-0.2621423,0.011633553,-0.05519626,-0.04424544,0.18871039,0.025893362,-0.85121787,0.0,0.0,1.0,0.0
2025-07-29,3326.58,-0.06534784,0.059397753,-0.14981896,0.011633553,-0.07471702,-0.0618634,0.18187435,0.011029948,-0.88455904,0.0,0.0,1.0,0.0
2025-07-30,3275.04,-0.12264979,0.13687134,-0.34339786,0.011633553,-0.13014607,-0.19357888,0.18828565,-0.023991685,-0.91668534,0.0,0.0,1.0,0.0
2025-07-31,3290.09,-0.21857893,0.18039277,-0.46801218,-0.04371012,-0.199848,-0.12461432,0.18665248,-0.06094697,-0.8506665,0.0,0.0,1.0,0.0
2025-08-01,3363.33,-0.26730645,0.15202335,-0.46801218,-0.08795556,-0.21789922,0.18066444,0.15666494,-0.0693026,-0.68460405,0.0,0.0,1.0,0.0
2025-08-04,3373.66,-0.28038076,0.13454948,-0.46801218,-0.14981896,-0.20457798,0.13402064,0.15213384,-0.06646659,-0.58412206,0.0,0.0,1.0,0.0
2025-08-05,3380.82,-0.27377543,0.1431004,-0.46801218,-0.11679233,-0.18646781,0.03653477,0.15078624,-0.058406588,-0.5445974,0.0,0.0,1.0,0.0
2025-08-06,3369.32,-0.21524361,0.16558918,-0.46801218,-0.050738737,-0.15846692,0.06605359,0.15130845,-0.046357315,-0.50096565,0.0,0.0,1.0,0.0
2025-08-07,3395.68,-0.13757153,0.092205696,-0.28734773,-0.050738737,-0.14220737,-0.028912995,0.14164872,-0.039699443,-0.56373036,0.0,0.0,1.0,0.0
2025-08-08,3397.41,-0.09073794,0.043959323,-0.15332709,-0.050738737,-0.123841,0.026471943,0.14067899,-0.028383706,-0.6653059,0.0,0.0,1.0,0.0
2025-08-11,3342.84,-0.10274391,0.06731826,-0.21335694,-0.050738737,-0.14230812,-0.16017716,0.1372056,-0.043158125,-0.21798079,0.0,0.0,1.0,0.0
2025-08-12,3348.14,-0.12351715,0.086133406,-0.22065853,-0.050738737,-0.15847178,-0.007301583,0.13663846,-0.05597037,-0.24505232,0.0,0.0,1.0,0.0
2025-08-13,3355.96,-0.16393653,0.09073835,-0.25283563,-0.05317979,-0.177939,-0.032177087,0.12875211,-0.071568385,-0.13947923,0.0,0.0,1.0,0.0
2025-08-14,3335.45,-0.18090339,0.07808777,-0.25283563,-0.05317979,-0.17516366,0.088349566,0.08372739,-0.07796279,0.10889483,0.0,0.0,1.0,0.0
2025-08-15,3336.09,-0.21764354,0.033398088,-0.25283563,-0.16448605,-0.18789583,-0.07239453,0.0763428,-0.095333084,0.38475662,0.0,0.0,1.0,0.0
2025-08-18,3332.94,-0.22208118,0.034151714,-0.25283563,-0.16448605,-0.19772586,0.0013354365,0.08055075,-0.10713533,-1.964231,0.0,0.0,1.0,0.0
2025-08-19,3315.67,-0.23132727,0.039508283,-0.26688892,-0.16448605,-0.21199417,-0.03134378,0.084968634,-0.12349599,-1.715172,0.0,0.0,1.0,0.0
2025-08-20,3348.37,-0.2558919,0.07680412,-0.37565878,-0.16448605,-0.2457581,-0.10876986,0.09289705,-0.13927872,-0.67389584,0.0,0.0,1.0,0.0
2025-08-21,3338.63,-0.30956057,0.08964615,-0.43282947,-0.23554514,-0.28435084,-0.057170704,0.10430629,-0.15605284,-0.17846826,0.0,1.0,0.0,0.0
2025-08-22,3371.81,-0.34242594,0.08640286,-0.43282947,-0.23554514,-0.30845827,0.031622134,0.09021589,-0.16786978,0.8656685,0.0,1.0,0.0,0.0
2025-08-25,3365.7,-0.34949538,0.07633065,-0.43282947,-0.26688892,-0.30070847,0.1303149,0.08727783,-0.15588096,1.7319814,0.0,1.0,0.0,0.0
2025-08-26,3393.64,-0.34006745,0.09065222,-0.43282947,-0.21974914,-0.2840066,0.05114331,0.08735368,-0.1400096,0.7519814,0.0,1.0,0.0,0.0
2025-08-27,3397.48,-0.28757024,0.13163015,-0.43282947,-0.113172725,-0.24876365,0.106576405,0.10296184,-0.117377184,-0.7933955,0.0,0.0,1.0,0.0
2025-08-28,3417.12,-0.20892408,0.14032952,-0.40120736,-0.039598737,-0.20561305,0.07357399,0.123033196,-0.08988774,-1.2361463,0.0,0.0,1.0,0.0
2025-08-29,3448.37,-0.11610143,0.13472933,-0.27089244,0.06290591,-0.15021773,0.10250464,0.160044,-0.05292435,-1.9616692,0.0,0.0,1.0,0.0
2025-09-01,3476.06,-0.020683007,0.16355605,-0.21974914,0.20619966,-0.076689,0.14329375,0.21097703,-0.01856296,-2.6569054,0.0,0.0,1.0,0.0
2025-09-02,3533.58,0.08819066,0.17842452,-0.113172725,0.3246192,0.0061006704,0.11841953,0.26219693,0.02746419,-2.1644616,1.0,0.0,0.0,0.0
2025-09-03,3559.16,0.18904601,0.17866975,-0.039598737,0.39110404,0.08552666,0.06648484,0.2915295,0.0688491,-0.8831522,1.0,0.0,0.0,0.0
2025-09-04,3545.88,0.27528304,0.14075829,0.06290591,0.3915864,0.14866662,0.0004823512,0.2875495,0.101799734,0.29940152,1.0,0.0,0.0,0.0
2025-09-05,3587.31,0.34693563,0.08625508,0.20619966,0.42116892,0.20488371,0.029582556,0.26632813,0.12065181,1.6829642,1.0,0.0,0.0,0.0
2025-09-08,3635.93,0.3662494,0.05009683,0.3027685,0.42116892,0.22507729,-0.11840043,0.23365046,0.12766339,2.1110635,1.0,0.0,0.0,0.0
2025-09-09,3626.34,0.34994856,0.07439623,0.24311496,0.42116892,0.22879845,-0.059653547,0.18878955,0.12559702,2.0940084,1.0,0.0,0.0,0.0
2025-09-10,3640.69,0.3055833,0.103978366,0.1692777,0.42116892,0.21651936,-0.07383726,0.15088254,0.125208,1.5832356,1.0,0.0,0.0,0.0
2025-09-11,3633.98,0.25640568,0.111041084,0.14569832,0.42116892,0.201909,-0.023579383,0.11993654,0.12688425,1.0885357,1.0,0.0,0.0,0.0
2025-09-12,3643.42,0.1863788,0.08946674,0.07103457,0.3027685,0.17490968,-0.07466374,0.118426345,0.12186702,0.3656326,1.0,0.0,0.0,0.0
2025-09-15,3678.86,0.14289254,0.06932672,0.07103457,0.24311496,0.15643091,0.014302535,0.13080277,0.11455427,0.48226696,1.0,0.0,0.0,0.0
2025-09-16,3689.91,0.11307637,0.04219706,0.07103457,0.1692777,0.14355849,0.008697017,0.13724782,0.1065901,0.30876127,1.0,0.0,0.0,0.0
2025-09-17,3660.03,0.07524198,0.060182534,-0.019894214,0.14569832,0.10983828,-0.11392834,0.14544053,0.08714753,0.38295066,1.0,0.0,0.0,0.0
2025-09-18,3644.44,0.003178293,0.12997867,-0.21462013,0.09403413,0.04290268,-0.19472592,0.175502,0.049978387,0.62811804,1.0,0.0,0.0,0.0
2025-09-19,3685.03,-0.0709348,0.1782852,-0.2995309,0.09403413,-0.027741188,-0.084910765,0.18993723,0.01567956,0.58917356,0.0,0.0,1.0,0.0
2025-09-22,3746.88,-0.12203895,0.15772896,-0.2995309,0.09403413,-0.057126988,0.12934728,0.18080382,-0.00058456464,1.0579287,0.0,0.0,1.0,0.0
2025-09-23,3764.19,-0.17115995,0.10202193,-0.2995309,-0.019894214,-0.076610714,0.018612755,0.16691048,-0.010778943,1.2246116,0.0,0.0,1.0,0.0
2025-09-24,3736.11,-0.19583619,0.06419802,-0.2995309,-0.14327537,-0.0903636,0.008295503,0.15444586,-0.016890585,1.0564111,0.0,0.0,1.0,0.0
2025-09-25,3749.37,-0.17492115,0.07298226,-0.2995309,-0.110045,-0.09442386,0.033230368,0.13669999,-0.017842613,0.6543829,0.0,0.0,1.0,0.0
2025-09-26,3761.53,-0.12609449,0.045121275,-0.17018363,-0.055397596,-0.08637276,0.05464741,0.12600382,-0.014161692,0.4157868,0.0,0.0,1.0,0.0
2025-09-29,3833.89,-0.107809216,0.041136734,-0.15157087,-0.055397596,-0.08480169,-0.023359658,0.10892854,-0.014273958,-1.0667671,0.0,0.0,1.0,0.0
2025-09-30,3858.43,-0.09370015,0.033822622,-0.14327537,-0.055397596,-0.08402266,-0.0022682718,0.08246873,-0.017308943,-1.3211441,0.0,0.0,1.0,0.0
2025-10-01,3865.63,-0.08165497,0.019404776,-0.110045,-0.055397596,-0.0838219,-0.0020239542,0.07497043,-0.025042199,-1.2092472,0.0,0.0,1.0,0.0
2025-10-02,3856.42,-0.06487686,0.02435657,-0.083049476,-0.026154453,-0.07192513,0.056895025,0.077425934,-0.02248739,-0.7327843,0.0,0.0,1.0,0.0
2025-10-03,3886.58,-0.046871234,0.05139023,-0.083049476,0.034630537,-0.049942754,0.06078499,0.06182264,-0.012936362,-0.2278819,0.0,0.0,1.0,0.0
2025-10-06,3961.01,-0.03434907,0.049262296,-0.083049476,0.034630537,-0.04297059,-0.05077696,0.057703268,-0.010267598,1.0327413,0.0,0.0,1.0,0.0
2025-10-07,3984.55,-0.016311467,0.044144318,-0.083049476,0.034630537,-0.032215565,0.025308901,0.055119347,-0.0016346773,0.9125744,0.0,0.0,1.0,0.0
2025-10-08,4041.61,-0.005535412,0.02704453,-0.029169206,0.034630537,-0.0315871,-0.038331687,0.045846697,0.006872832,1.460453,0.0,0.0,1.0,0.0
2025-10-09,3976.24,0.0069870153,0.029495107,-0.029169206,0.036457684,-0.017549498,0.06562689,0.04566041,0.020596216,1.9286897,0.0,0.0,1.0,0.0
2025-10-10,4019.07,0.0071969475,0.029743737,-0.029169206,0.036457684,-0.00656824,-0.0007774852,0.048775,0.034766823,1.8691407,0.0,0.0,1.0,0.0
2025-10-13,4110.65,0.035337023,0.05658444,-0.029169206,0.124553956,0.0204822,0.08887376,0.062052548,0.052279852,3.973555,1.0,0.0,0.0,0.0
2025-10-14,4142.13,0.054009207,0.061018124,-0.029169206,0.124553956,0.037407257,-0.022030558,0.062405683,0.06283587,2.7992427,1.0,0.0,0.0,0.0
2025-10-15,4208.27,0.08805409,0.04938606,0.0356802,0.1410552,0.05878977,0.038531803,0.061984804,0.07673977,2.0204105,1.0,0.0,0.0,0.0
2025-10-16,4326.11,0.10620607,0.04177335,0.0356802,0.1410552,0.0729064,-0.013837614,0.06242413,0.0862991,1.445017,1.0,0.0,0.0,0.0
2025-10-17,4247.21,0.12943397,0.018635178,0.102523394,0.15181969,0.08918617,0.024602108,0.06854241,0.09564031,1.2156179,1.0,0.0,0.0,0.0
2025-10-20,4356.43,0.1351788,0.021028515,0.102523394,0.15327814,0.102408305,0.0014584468,0.06624612,0.09438434,-0.9253875,1.0,0.0,0.0,0.0
2025-10-21,4124.95,0.14705142,0.013331575,0.12721759,0.1618865,0.11467863,0.008608353,0.06433066,0.09747691,-0.92667115,1.0,0.0,0.0,0.0
2025-10-22,4098.48,0.0748194,0.16537188,-0.22010493,0.1618865,0.045612954,-0.38199142,0.11527034,0.050575335,-0.679263,1.0,0.0,0.0,0.0
2025-10-23,4126.01,-0.026705736,0.25609624,-0.38040808,0.1618865,-0.042274963,-0.16030316,0.18663245,-0.010287091,-0.45653918,0.0,0.0,1.0,0.0
2025-10-24,4113.02,-0.14857677,0.29232743,-0.45753542,0.1618865,-0.12794298,-0.077127345,0.24413915,-0.076149926,-0.4881969,0.0,0.0,1.0,0.0
2025-10-27,3981.42,-0.2945589,0.2860869,-0.5766327,0.1618865,-0.22050743,-0.119097225,0.29643023,-0.14249116,-0.5111325,0.0,1.0,0.0,0.0
2025-10-28,3952.75,-0.4461673,0.15417145,-0.5961554,-0.22010493,-0.2980034,-0.019522766,0.32923436,-0.20006469,-0.30555224,0.0,1.0,0.0,0.0
2025-10-29,3930.35,-0.49861172,0.088778645,-0.5961554,-0.38040808,-0.33602926,0.11382845,0.32710448,-0.22893327,-0.3690898,0.0,1.0,0.0,0.0
2025-10-30,4024.39,-0.50454926,0.07939348,-0.5961554,-0.41009575,-0.35130915,0.072231226,0.30883121,-0.24167524,-0.6246683,0.0,1.0,0.0,0.0
2025-10-31,4003.3,-0.49135467,0.093405716,-0.5961554,-0.39156255,-0.3596134,0.018533193,0.27293906,-0.24283807,-0.51127034,0.0,1.0,0.0,0.0
2025-11-03,4001.38,-0.44914174,0.09292309,-0.5961554,-0.365568,-0.36084184,0.025994543,0.2164515,-0.24431556,-0.52342755,0.0,1.0,0.0,0.0
2025-11-04,3931.97,-0.39337417,0.060731523,-0.48232695,-0.31731763,-0.35186282,0.048250362,0.1139183,-0.23566447,-0.6518567,0.0,1.0,0.0,0.0
2025-11-05,3979.1,-0.36860108,0.035323642,-0.41009575,-0.31731763,-0.3532241,-0.041143786,0.09355601,-0.23722798,-0.79304314,0.0,1.0,0.0,0.0
2025-11-06,3977.15,-0.34777004,0.03544685,-0.39156255,-0.3059405,-0.34346953,0.05252093,0.10093371,-0.23067828,-0.76704895,0.0,1.0,0.0,0.0
2025-11-07,4001.28,-0.33111838,0.02863252,-0.365568,-0.3059405,-0.33621496,-0.0023638539,0.10664946,-0.22380647,-0.6763167,0.0,1.0,0.0,0.0
2025-11-10,4115.92,-0.3174599,0.024005573,-0.35846144,-0.29727566,-0.3281818,0.011028701,0.09439523,-0.21949318,-0.73103106,0.0,1.0,0.0,0.0
2025-11-11,4126.86,-0.30025142,0.045420796,-0.35846144,-0.2312752,-0.30819002,0.06600045,0.07046282,-0.20957747,-0.6624666,0.0,1.0,0.0,0.0
2025-11-12,4195.56,-0.25459617,0.076426946,-0.30830437,-0.13018517,-0.27146772,0.10109004,0.08222472,-0.1806681,-0.5709186,0.0,1.0,0.0,0.0
2025-11-13,4171.41,-0.21242154,0.09654537,-0.30830437,-0.0950673,-0.23507641,0.035117872,0.09894329,-0.15211324,-0.5701098,0.0,1.0,0.0,0.0
2025-11-14,4084.99,-0.18737482,0.0803357,-0.29727566,-0.0950673,-0.22434767,-0.08800342,0.09472188,-0.1488641,-1.2114583,0.0,0.0,1.0,0.0
2025-11-17,4045.72,-0.18343574,0.07381826,-0.27758026,-0.0950673,-0.23532951,-0.094509535,0.08756446,-0.15615606,-0.40358412,0.0,1.0,0.0,0.0
2025-11-18,4067.57,-0.21674432,0.12239325,-0.39781812,-0.0950673,-0.26885083,-0.12023788,0.097528465,-0.18583098,-0.12754652,0.0,1.0,0.0,0.0
2025-11-19,4077.94,-0.2828956,0.15015015,-0.46094152,-0.0950673,-0.30847904,-0.06312338,0.11330721,-0.21945909,0.39693728,0.0,1.0,0.0,0.0
2025-11-20,4077.41,-0.36636227,0.13485175,-0.51240075,-0.18307072,-0.35054797,-0.05145925,0.1371408,-0.25626093,1.0304295,0.0,1.0,0.0,0.0
2025-11-21,4065.84,-0.42631143,0.093188345,-0.51240075,-0.27758026,-0.37783492,0.029584268,0.150288,-0.28187793,0.90544426,0.0,1.0,0.0,0.0
2025-11-24,4134.73,-0.4585149,0.04353429,-0.51240075,-0.39781812,-0.39037022,0.04421889,0.1558307,-0.29165453,0.013900214,0.0,1.0,0.0,0.0
2025-11-25,4130.78,-0.44848415,0.06261308,-0.51240075,-0.34766442,-0.38156003,0.090933174,0.15270175,-0.27602828,0.69711196,0.0,1.0,0.0,0.0
2025-11-26,4163.88,-0.3480055,0.22643091,-0.51240075,0.041451797,-0.29429293,0.38911623,0.18434942,-0.19558133,3.7943563,0.0,1.0,0.0,0.0
2025-11-27,4157.35,-0.22173235,0.28124496,-0.4828165,0.11896498,-0.20903803,0.07751318,0.22146718,-0.118266046,3.0366745,0.0,0.0,1.0,0.0
2025-11-28,4219.03,-0.08878914,0.28406832,-0.4385976,0.18189955,-0.12838781,0.06293457,0.2671493,-0.04843282,2.293527,0.0,0.0,1.0,0.0
2025-12-01,4232.23,0.04737063,0.23306142,-0.34766442,0.24220127,-0.05193548,0.060301717,0.30995554,0.018469047,2.0570378,0.0,0.0,1.0,0.0
2025-12-02,4205.74,0.18614791,0.11644123,0.041451797,0.34622195,0.030204188,0.10402068,0.34589827,0.08426914,1.551303,1.0,0.0,0.0,0.0
2025-12-03,4203.2,0.2247593,0.08393725,0.11896498,0.34622195,0.07235211,-0.11171318,0.34211993,0.10948979,-0.22712004,1.0,0.0,0.0,0.0
2025-12-04,4208.88,0.23655085,0.06798506,0.1779227,0.34622195,0.09413127,-0.05658607,0.3091101,0.12128535,-0.58524823,1.0,0.0,0.0,0.0
2025-12-05,4196.54,0.22001836,0.090815134,0.099237114,0.34622195,0.0951846,-0.07868558,0.25694227,0.12463042,-0.54181576,1.0,0.0,0.0,0.0
2025-12-08,4190.71,0.16307873,0.14594616,-0.04249692,0.34622195,0.06678098,-0.14173403,0.19320183,0.10442055,-0.67910796,1.0,0.0,0.0,0.0
2025-12-09,4208.27,0.06457841,0.15720266,-0.14627962,0.23450877,0.02282669,-0.10378269,0.14530918,0.07451516,-0.71233827,1.0,0.0,0.0,0.0
2025-12-10,4228.67,-0.023043076,0.1608615,-0.20359866,0.1779227,-0.023884742,-0.057319045,0.17801455,0.04814008,-0.6927746,0.0,0.0,1.0,0.0
2025-12-11,4279.67,-0.102095,0.1319304,-0.21733692,0.099237114,-0.06379382,-0.013738262,0.20407322,0.022339616,-0.6294877,0.0,0.0,1.0,0.0
2025-12-12,4300.52,-0.16210248,0.07215634,-0.21733692,-0.04249692,-0.09205818,0.016536659,0.21573041,0.0031686488,-0.48318398,0.0,0.0,1.0,0.0
2025-12-15,4305.14,-0.18702905,0.02932261,-0.21733692,-0.14627962,-0.10754542,0.03367045,0.2095177,-0.004598817,-0.4492827,0.0,0.0,1.0,0.0
2025-12-16,4302.32,-0.18651335,0.030227173,-0.21733692,-0.14370109,-0.115004316,0.023428723,0.17000756,-0.00619699,-0.60923076,0.0,0.0,1.0,0.0
2025-12-17,4338.27,-0.15352945,0.07031726,-0.21733692,-0.038679205,-0.09925848,0.10502188,0.13574916,0.00043987343,-0.69773215,0.0,0.0,1.0,0.0
2025-12-18,4332.79,-0.11688564,0.07624297,-0.20080025,-0.034117844,-0.085820004,0.0045613623,0.10188305,0.011500451,-0.7414706,0.0,0.0,1.0,0.0
2025-12-19,4338.5,-0.09191048,0.060764555,-0.16712981,-0.034117844,-0.08377856,-0.041806627,0.07296328,0.015286107,-0.87288535,0.0,0.0,1.0,0.0
2025-12-22,4443.9,-0.07380115,0.043893524,-0.14370109,-0.034117844,-0.08229415,-0.0006586984,0.069279805,0.00606496,-0.8197517,0.0,0.0,1.0,0.0
2025-12-23,4484.84,-0.06670233,0.030628238,-0.10820694,-0.034117844,-0.08763995,-0.031623773,0.069357194,-0.0023827318,-0.36636722,0.0,0.0,1.0,0.0
2025-12-24,4479.55,-0.05630849,0.04697252,-0.10820694,0.013289982,-0.066818155,0.12149692,0.07618219,0.006704636,-0.041177817,0.0,0.0,1.0,0.0
2025-12-26,4531.53,-0.037295535,0.07119448,-0.10820694,0.06094692,-0.04046029,0.04765694,0.081215106,0.015145258,-0.27361834,0.0,0.0,1.0,0.0
2025-12-29,4331.96,0.009327855,0.10693375,-0.10820694,0.15719248,0.00031537382,0.096245565,0.0978273,0.03317972,-0.37441203,1.0,0.0,0.0,0.0
2025-12-30,4338.65,0.023773724,0.09682765,-0.10820694,0.15719248,-0.0006478779,-0.1615463,0.08756653,0.0373374,-0.43163332,0.0,0.0,1.0,0.0
2025-12-31,4319.01,0.022041569,0.09981044,-0.11686772,0.15719248,-0.024623971,-0.11251391,0.08385804,0.029634714,-1.1893367,0.0,0.0,1.0,0.0
2026-01-02,4332.95,0.005515683,0.10811669,-0.11686772,0.15719248,-0.03384875,0.047528278,0.085073896,0.026510935,-1.2244577,0.0,0.0,1.0,0.0
2026-01-05,4449.04,-0.02066206,0.10718175,-0.11686772,0.15719248,-0.041294727,-0.000602354,0.08622838,0.026264515,0.15209675,0.0,0.0,1.0,0.0
2026-01-06,4494.81,-0.04616637,0.058310654,-0.11686772,0.029670933,-0.026654549,0.099612735,0.086306214,0.0406283,-0.62376827,0.0,0.0,1.0,0.0
2026-01-07,4456.51,-0.018184343,0.10119339,-0.11686772,0.13555633,0.006809468,0.10588539,0.09595368,0.06466519,-0.97725004,1.0,0.0,0.0,0.0
2026-01-08,4477.48,0.023210647,0.092711024,-0.0699418,0.13555633,0.023993751,-0.045449093,0.09081926,0.07846946,-0.18825424,1.0,0.0,0.0,0.0
2026-01-09,4509.99,-0.018994909,0.16512783,-0.28036723,0.13555633,-0.038795758,-0.37047446,0.13221514,0.035303634,3.5914412,0.0,0.0,1.0,0.0
2026-01-12,4597.55,-0.034970198,0.17486559,-0.28036723,0.13555633,-0.06169964,0.13054897,0.13694096,0.011017807,3.6274047,0.0,0.0,1.0,0.0
2026-01-13,4586.59,-0.0706185,0.17655344,-0.28036723,0.13555633,-0.07962107,0.0012476793,0.124623775,-0.007212026,2.6592228,0.0,0.0,1.0,0.0
2026-01-14,4626.6,-0.14054249,0.13991614,-0.28036723,0.090107225,-0.107356496,-0.06549306,0.13194919,-0.033539847,2.1150968,0.0,0.0,1.0,0.0
2026-01-15,4615.99,-0.18766326,0.059223115,-0.28036723,-0.14549665,-0.11522479,0.06856699,0.13315837,-0.041520003,1.8441589,0.0,0.0,1.0,0.0
2026-01-16,4595.62,-0.13189432,0.07831505,-0.21406363,-0.0015225301,-0.09176807,0.14397411,0.13559231,-0.028565096,0.8638044,0.0,0.0,1.0,0.0
2026-01-19,4670.85,-0.12889591,0.077742144,-0.21406363,-0.0015225301,-0.10065094,-0.13330366,0.13684638,-0.027584024,-0.441006,0.0,0.0,1.0,0.0
2026-01-20,4763.63,-0.12737183,0.07733363,-0.21406363,-0.0015225301,-0.108964644,-0.0061239647,0.13193381,-0.030489266,-0.723564,0.0,0.0,1.0,0.0
2026-01-21,4831.32,-0.10137018,0.06103765,-0.14549665,-0.0015225301,-0.103825875,0.056894768,0.10383996,-0.021373326,-0.70965147,0.0,0.0,1.0,0.0
2026-01-22,4936.41,-0.12183057,0.0898657,-0.24779859,-0.0015225301,-0.13352737,-0.16374321,0.079699256,-0.04311466,-0.73082006,0.0,0.0,1.0,0.0
2026-01-23,4986.4,-0.16527027,0.066674724,-0.24779859,-0.08405538,-0.15110278,0.02907756,0.07078916,-0.048350226,-0.6517738,0.0,0.0,1.0,0.0
2026-01-26,5008.21,-0.16957647,0.06488829,-0.24779859,-0.08405538,-0.15218675,0.06236386,0.07083204,-0.05016414,-0.69717914,0.0,0.0,1.0,0.0
2026-01-27,5181.19,-0.15533812,0.07901342,-0.24779859,-0.06975842,-0.13518183,0.08659875,0.075166285,-0.039815307,-0.20207204,0.0,0.0,1.0,0.0
2026-01-28,5417.69,-0.15350623,0.08115636,-0.24779859,-0.06975842,-0.12274489,-0.005137531,0.07306254,-0.029406754,-0.20279543,0.0,0.0,1.0,0.0
2026-01-29,5371.07,-0.112704046,0.072746895,-0.21872103,-0.04378766,-0.106456056,0.031108292,0.07722985,-0.012814673,-0.1460709,0.0,0.0,1.0,0.0
2026-01-30,4882.73,-0.07499411,0.049067024,-0.15635717,-0.030171357,-0.09071856,0.013616303,0.07286733,-0.0015752013,-0.22701007,0.0,0.0,1.0,0.0
2026-02-02,4661.03,-0.099501304,0.101958506,-0.27889314,-0.030171357,-0.12953888,-0.2487218,0.08863184,-0.021880185,0.06505849,0.0,0.0,1.0,0.0
2026-02-03,4947.08,-0.16322745,0.16112773,-0.38838914,-0.030171357,-0.18293956,-0.109496005,0.11971108,-0.053998932,-0.046992116,0.0,0.0,1.0,0.0
2026-02-04,4964.96,-0.22800824,0.18066388,-0.39879987,-0.030171357,-0.22747143,-0.010410711,0.13775161,-0.080030054,0.0,0.0,1.0,0.0,0.0
2026-02-05,4779.67,-0.29510576,0.15571758,-0.39879987,-0.030171357,-0.25878847,0.019524593,0.14956836,-0.09971279,0.027760657,0.0,1.0,0.0,0.0
2026-02-06,4965.9,-0.3578057,0.04874369,-0.39879987,-0.27889314,-0.27629972,0.035604183,0.15602353,-0.10889682,-0.19259991,0.0,1.0,0.0,0.0
2026-02-09,5058.45,-0.30515453,0.16316797,-0.39879987,-0.015637219,-0.22252518,0.32803386,0.16793199,-0.078997254,0.08235863,0.0,1.0,0.0,0.0
2026-02-10,5025.34,-0.21494554,0.2203198,-0.39879987,0.06265578,-0.1636925,0.078292996,0.1839984,-0.049920548,0.26510888,0.0,0.0,1.0,0.0
2026-02-11,5084.57,-0.11721435,0.2266649,-0.37927526,0.08985603,-0.11138557,0.027200252,0.20186736,-0.026728246,0.40246332,0.0,0.0,1.0,0.0
2026-02-12,4921.85,-0.02492329,0.18303135,-0.34367108,0.08985603,-0.07145309,-0.007675973,0.21434401,-0.00985829,0.5866494,0.0,0.0,1.0,0.0
2026-02-13,5043.13,0.04350839,0.04882449,-0.015637219,0.08985603,-0.057024416,-0.08369274,0.21645416,-0.0009478803,1.3628466,0.0,0.0,1.0,0.0
2026-02-16,4993.56,0.0055998466,0.12318454,-0.20517994,0.08985603,-0.087588824,-0.20366727,0.2130763,-0.011860766,1.6907201,0.0,0.0,1.0,0.0
2026-02-17,4877.47,-0.06929215,0.18037713,-0.3118042,0.08985603,-0.13384435,-0.10662427,0.20476115,-0.035638407,0.9457728,0.0,0.0,1.0,0.0
2026-02-18,4977.35,-0.14805673,0.17949124,-0.3118042,0.08218005,-0.16894053,0.007837339,0.19343516,-0.054962877,0.75508004,0.0,0.0,1.0,0.0
2026-02-19,4995.91,-0.2215929,0.13010809,-0.3118042,-0.0015126779,-0.19298685,0.018466102,0.18209024,-0.069848575,0.81232625,0.0,0.0,1.0,0.0
2026-02-20,5103.96,-0.2598569,0.05653235,-0.3118042,-0.19283275,-0.19295506,0.09266802,0.16746317,-0.07030728,0.25338623,0.0,0.0,1.0,0.0
2026-02-23,5227.54,-0.22508238,0.11830326,-0.3118042,-0.0313073,-0.15960722,0.16152546,0.166572,-0.055802926,2.6622932,0.0,0.0,1.0,0.0
2026-02-24,5143.83,-0.13936633,0.1792993,-0.30396688,0.116776034,-0.102589495,0.14808333,0.17352955,-0.024261737,3.7572434,0.0,0.0,1.0,0.0
2026-02-25,5164.91,-0.06428784,0.17157282,-0.28550076,0.116776034,-0.06669027,-0.045350466,0.1713218,-0.0041844454,2.9697711,0.0,0.0,1.0,0.0
2026-02-26,5185.17,0.009486171,0.12590013,-0.19283275,0.116776034,-0.035733063,0.011943734,0.17146742,0.013634925,2.3557549,0.0,0.0,1.0,0.0
2026-02-27,5280.2,0.06333293,0.055791266,-0.0313073,0.116776034,-0.012599857,-0.0069682603,0.17837647,0.02401014,1.9831017,0.0,0.0,1.0,0.0
2026-03-02,5322.12,0.08825368,0.017933778,0.07142557,0.116776034,0.009246496,0.016895402,0.18339933,0.036248483,0.43441567,1.0,0.0,0.0,0.0
2026-03-03,5088.37,0.040796004,0.090547025,-0.120512344,0.093296446,-0.017522685,-0.21380879,0.1641592,0.020084148,-0.99429727,0.0,0.0,1.0,0.0
2026-03-04,5141.32,-0.026646223,0.1605513,-0.26578557,0.093296446,-0.06873918,-0.14527322,0.15790223,-0.0042406716,-1.0227896,0.0,0.0,1.0,0.0
2026-03-05,5081.05,-0.121230796,0.21093482,-0.38955358,0.093296446,-0.13492303,-0.123768,0.17766844,-0.051757056,-1.1974803,0.0,0.0,1.0,0.0
2026-03-06,5171.2,-0.20721006,0.19742104,-0.38955358,0.093296446,-0.18001437,0.036058273,0.19757831,-0.0888807,-1.1242025,0.0,0.0,1.0,0.0
2026-03-09,5136.8,-0.31941023,0.13276768,-0.46770445,-0.120512344,-0.23936468,-0.114209145,0.23268247,-0.13850214,-1.0076921,0.0,1.0,0.0,0.0
2026-03-10,5192.92,-0.38771892,0.083615206,-0.46770445,-0.26578557,-0.28530574,0.005648683,0.24032933,-0.18288879,-1.0133964,0.0,1.0,0.0,0.0
2026-03-11,5175.98,-0.40365246,0.05834223,-0.46770445,-0.3454533,-0.29771414,0.11660245,0.2290212,-0.1997676,-1.2119511,0.0,1.0,0.0,0.0
2026-03-12,5079.08,-0.37467802,0.0928584,-0.46770445,-0.24468128,-0.2867735,0.10077202,0.20359367,-0.18116382,-1.0468726,0.0,1.0,0.0,0.0
2026-03-13,5021.47,-0.36330453,0.09935677,-0.46770445,-0.24468128,-0.28880644,-0.051946532,0.16875394,-0.18265784,-1.0427651,0.0,1.0,0.0,0.0
2026-03-16,5006.31,-0.32535392,0.0846635,-0.46205574,-0.24468128,-0.28656706,0.01867639,0.105023265,-0.176714,-1.0260277,0.0,1.0,0.0,0.0
2026-03-17,5005.65,-0.26657036,0.06599918,-0.3454533,-0.16813795,-0.26213518,0.10981347,0.095499866,-0.15257438,-0.9201403,0.0,1.0,0.0,0.0
2026-03-18,4818.73,-0.23517445,0.055613875,-0.29662782,-0.16813795,-0.24693887,-0.020335801,0.10378877,-0.14233507,-0.8421481,0.0,1.0,0.0,0.0
2026-03-19,4650.36,-0.24430375,0.06104589,-0.29662782,-0.16813795,-0.25588998,-0.101854034,0.10104496,-0.1645463,-0.7844985,0.0,1.0,0.0,0.0
2026-03-20,4497.52,-0.26125607,0.08591302,-0.38138947,-0.16813795,-0.28178045,-0.09106169,0.10276508,-0.19506906,-0.5458237,0.0,1.0,0.0,0.0
2026-03-23,4406.35,-0.2922582,0.116106324,-0.43296197,-0.16813795,-0.31296912,-0.051572498,0.09737252,-0.23316799,-0.508499,0.0,1.0,0.0,0.0
2026-03-24,4474.22,-0.3642524,0.13060115,-0.528109,-0.18847376,-0.35735238,-0.09514702,0.11030497,-0.28587097,-0.27451974,0.0,1.0,0.0,0.0
2026-03-25,4506.57,-0.43827373,0.1091972,-0.55858046,-0.2903278,-0.3988656,-0.030471435,0.13465637,-0.32671827,-0.07459757,0.0,1.0,0.0,0.0
2026-03-26,4378.39,-0.4943213,0.08307015,-0.5705656,-0.38138947,-0.43428722,-0.011985164,0.1486162,-0.34942427,-0.07882401,0.0,1.0,0.0,0.0
2026-03-27,4495.56,-0.5332429,0.05904562,-0.5759974,-0.43296197,-0.46352196,-0.005431796,0.15930815,-0.3533433,-0.34115592,0.0,1.0,0.0,0.0
2026-03-30,4511.03,-0.5257598,0.075115845,-0.5759974,-0.39554662,-0.44949868,0.18045078,0.15376742,-0.32884002,0.21820794,0.0,1.0,0.0,0.0
2026-03-31,4667.3,-0.48044103,0.12508076,-0.5759974,-0.30151504,-0.41896975,0.094031565,0.13521872,-0.28563327,-1.1783828,0.0,1.0,0.0,0.0
2026-04-01,4758.1,-0.4295584,0.13656704,-0.5759974,-0.30151504,-0.39528605,-0.00265228,0.116661064,-0.26161948,-1.2886606,0.0,1.0,0.0,0.0
2026-04-02,4676.08,-0.3639711,0.13053092,-0.5759974,-0.24262914,-0.36379302,0.061538197,0.1239327,-0.23343496,-0.43289876,0.0,1.0,0.0,0.0
2026-04-06,4650.62,-0.32773703,0.06630551,-0.39554662,-0.24262914,-0.37019533,-0.1521979,0.12342918,-0.23614581,-0.2688846,0.0,1.0,0.0,0.0
2026-04-07,4705.5,-0.33157438,0.07155816,-0.41473338,-0.24262914,-0.3793835,-0.01990636,0.12352318,-0.23969159,0.024261072,0.0,1.0,0.0,0.0
2026-04-08,4719.17,-0.36071023,0.08470862,-0.44719434,-0.24262914,-0.39337283,-0.03246095,0.11884707,-0.2332224,-0.2844519,0.0,1.0,0.0,0.0
2026-04-09,4765.57,-0.3761743,0.07864655,-0.44719434,-0.24262914,-0.39092094,0.065706685,0.10876478,-0.21799706,-0.6647845,0.0,1.0,0.0,0.0
2026-04-10,4749.34,-0.3571836,0.119702995,-0.44719434,-0.1476756,-0.34073955,0.23381205,0.11812596,-0.16999057,-0.74676025,0.0,1.0,0.0,0.0
2026-04-13,4740.32,-0.30777827,0.14793167,-0.44719434,-0.1476756,-0.30093628,-0.00012474941,0.10858518,-0.13756646,0.4248435,0.0,1.0,0.0,0.0
2026-04-14,4841.92,-0.26355994,0.1408426,-0.44719434,-0.1476756,-0.27880147,-0.04584136,0.111252345,-0.12018921,-0.0064075124,0.0,1.0,0.0,0.0
2026-04-15,4790.75,-0.18384741,0.12252415,-0.38148767,-0.048631705,-0.23131758,0.14501001,0.1361992,-0.08703075,-0.18477032,0.0,0.0,1.0,0.0
2026-04-16,4790.8,-0.14393914,0.057068527,-0.19364172,-0.048631705,-0.22113231,-0.1333146,0.13848439,-0.086510114,-0.61062163,0.0,0.0,1.0,0.0
2026-04-17,4834.61,-0.16593815,0.07669483,-0.2576707,-0.048631705,-0.22867016,-0.07572439,0.13835569,-0.09900128,-1.0132294,0.0,0.0,1.0,0.0
2026-04-20,4820.68,-0.18830366,0.08584302,-0.25962788,-0.048631705,-0.23505671,-0.0019571816,0.13025473,-0.11081166,-1.3783301,0.0,1.0,0.0,0.0
2026-04-21,4720.2,-0.1931241,0.086888075,-0.25962788,-0.048631705,-0.2314851,0.041883938,0.11640338,-0.113385454,-0.18728043,0.0,0.0,1.0,0.0
2026-04-22,4740.38,-0.26051575,0.07690094,-0.38558993,-0.1819463,-0.26327685,-0.16784598,0.10456193,-0.14156896,1.314218,0.0,1.0,0.0,0.0
2026-04-23,4694.56,-0.30029467,0.07753741,-0.38558993,-0.21774395,-0.28753027,0.0047489638,0.104452595,-0.15978853,1.9454358,0.0,1.0,0.0,0.0
2026-04-24,4708.26,-0.31013694,0.07380792,-0.38558993,-0.21774395,-0.29152253,0.07395894,0.10397759,-0.16579191,2.258367,0.0,1.0,0.0,0.0
2026-04-27,4681.8,-0.32317325,0.068199754,-0.38558993,-0.21774395,-0.2983896,-0.017927486,0.10195612,-0.17284903,1.403748,0.0,1.0,0.0,0.0
2026-04-28,4597.13,-0.34565073,0.035396725,-0.38558993,-0.30688202,-0.3049379,-0.0053218245,0.10185546,-0.18005778,0.36229157,0.0,1.0,0.0,0.0
2026-04-29,4543.49,-0.3160742,0.051707212,-0.38084096,-0.23770708,-0.29106823,0.09242425,0.06836699,-0.17465034,-1.2444445,0.0,1.0,0.0,0.0
2026-04-30,4621.79,-0.30033797,0.03692991,-0.33013132,-0.23770708,-0.29335645,-0.064452894,0.057255253,-0.17987996,0.03517529,0.0,1.0,0.0,0.0
2026-05-01,4616.23,-0.31818196,0.05698934,-0.3961019,-0.23770708,-0.31455278,-0.09394193,0.062310494,-0.19081317,-0.25386456,0.0,1.0,0.0,0.0
2026-05-04,4523.82,-0.3411369,0.07913768,-0.43958429,-0.23770708,-0.34034672,-0.043482386,0.07028723,-0.19924961,0.9305395,0.0,1.0,0.0,0.0
2026-05-05,4557.56,-0.35577154,0.08325249,-0.43958429,-0.23770708,-0.35333484,0.036279857,0.06054539,-0.20714064,0.61386997,0.0,1.0,0.0,0.0
2026-05-06,4690.91,-0.39786896,0.058020864,-0.44819427,-0.30215997,-0.3729043,-0.04488985,0.06740112,-0.22235693,1.6075411,0.0,1.0,0.0,0.0
2026-05-07,4687.2,-0.40282303,0.047997557,-0.44819427,-0.32693022,-0.36341986,0.12126405,0.06743581,-0.21880265,0.15621273,0.0,1.0,0.0,0.0
2026-05-08,4715.27,-0.3688509,0.09297915,-0.44819427,-0.22624123,-0.33512,0.100689,0.07745248,-0.20422666,0.47687134,0.0,1.0,0.0,0.0
2026-05-11,4734.78,-0.3030214,0.13664508,-0.44819427,-0.1104368,-0.28876796,0.11580443,0.107170984,-0.17603396,-0.4343505,0.0,1.0,0.0,0.0
2026-05-12,4715.26,-0.22871974,0.16627558,-0.44819427,-0.031796157,-0.23575482,0.07864064,0.14089775,-0.13717134,0.45952722,0.0,0.0,1.0,0.0
2026-05-13,4688.78,-0.13295434,0.1447669,-0.32693022,0.030632688,-0.18079922,0.062428843,0.17408328,-0.098557994,0.28750175,0.0,0.0,1.0,0.0
2026-05-14,4652.39,-0.07676194,0.097444646,-0.22624123,0.030632688,-0.15298365,-0.07660087,0.18648398,-0.08068148,0.74161977,0.0,0.0,1.0,0.0
2026-05-15,4538.42,-0.049410347,0.054906882,-0.1104368,0.030632688,-0.13988355,-0.04351509,0.18310446,-0.07228891,-0.54604065,0.0,0.0,1.0,0.0
2026-05-18,4566.16,-0.06751957,0.08612397,-0.20098291,0.030632688,-0.15248832,-0.11149963,0.16432002,-0.090383664,-0.70849484,0.0,0.0,1.0,0.0
2026-05-19,4482.06,-0.11581095,0.12151048,-0.27325308,0.030632688,-0.17740202,-0.072270185,0.14963676,-0.11957512,-1.5727118,0.0,0.0,1.0,0.0
2026-05-20,4543.71,-0.19403596,0.12931228,-0.36049232,-0.045968186,-0.21517345,-0.087239236,0.13335162,-0.15429607,-1.7541306,0.0,0.0,1.0,0.0
2026-05-21,4543.17,-0.25700125,0.11505209,-0.3607947,-0.089483276,-0.24521504,-0.0003023601,0.13830133,-0.1827678,-1.6723149,0.0,1.0,0.0,0.0
2026-05-22,4507.13,-0.31214553,0.07312518,-0.3652046,-0.20098291,-0.26996884,-0.0044099265,0.15129907,-0.199902,0.3524779,0.0,1.0,0.0,0.0
2026-05-25,4570.93,-0.33917803,0.038581915,-0.3652046,-0.27325308,-0.283621,0.029059205,0.15638962,-0.21259682,3.9831972,0.0,1.0,0.0,0.0
2026-05-26,4507.59,-0.3564478,0.011554982,-0.3652046,-0.3361454,-0.2992958,-0.023456411,0.15068674,-0.22842234,2.9465487,0.0,1.0,0.0,0.0
2026-05-27,4456.36,-0.36258668,0.019596465,-0.39118686,-0.3361454,-0.3182529,-0.031585045,0.12447495,-0.24458097,2.4276,0.0,1.0,0.0,0.0
2026-05-28,4495.78,-0.37516898,0.033454794,-0.42370614,-0.3361454,-0.34000784,-0.032519273,0.10128828,-0.261725,2.3002424,0.0,1.0,0.0,0.0
2026-05-29,4539.9,-0.39276367,0.047210086,-0.45317817,-0.3361454,-0.36335483,-0.029472023,0.07192014,-0.28405017,1.8610456,0.0,1.0,0.0,0.0
2026-06-01,4484.78,-0.43870422,0.07923873,-0.5658482,-0.35960183,-0.40512908,-0.11266998,0.07876337,-0.30957288,0.07091904,0.0,1.0,0.0,0.0
2026-06-02,4487.94,-0.4766342,0.07727424,-0.5658482,-0.39118686,-0.43486148,0.016596513,0.08201032,-0.32233366,0.0905538,0.0,1.0,0.0,0.0
2026-06-03,4434.4,-0.4924497,0.06199578,-0.5658482,-0.42370614,-0.4421651,0.07898716,0.081015095,-0.3157298,-0.22096471,0.0,1.0,0.0,0.0
2026-06-04,4475.4,-0.48591715,0.07196894,-0.5658482,-0.3910433,-0.43161872,0.07922117,0.07878092,-0.30142233,-0.8155414,0.0,1.0,0.0,0.0
2026-06-05,4327.74,-0.45131382,0.118315995,-0.5658482,-0.28016153,-0.40037316,0.11088178,0.090357415,-0.27181265,-1.0622184,0.0,1.0,0.0,0.0
2026-06-08,4329.87,-0.41247833,0.10207673,-0.5492516,-0.28016153,-0.39445186,-0.09150913,0.08725011,-0.26841006,-1.2349952,0.0,1.0,0.0,0.0
2026-06-09,4259.47,-0.3661088,0.07290431,-0.47026446,-0.28016153,-0.37855694,0.05426661,0.09170305,-0.26608562,-1.3927562,0.0,1.0,0.0,0.0
2026-06-10,4071.4,-0.37561807,0.09079252,-0.5178108,-0.28016153,-0.40728495,-0.20040679,0.095725946,-0.29524025,-0.91360104,0.0,1.0,0.0,0.0
2026-06-11,4210.84,-0.4094691,0.12360476,-0.5602984,-0.28016153,-0.43885154,-0.042487513,0.10351673,-0.31838027,-0.3090544,0.0,1.0,0.0,0.0
2026-06-12,4216.96,-0.4509317,0.1023245,-0.5602984,-0.31740406,-0.44888243,0.07282376,0.10428395,-0.32342982,0.19206242,0.0,1.0,0.0,0.0
2026-06-15,4309.1,-0.46434042,0.093339704,-0.5602984,-0.31740406,-0.44678473,0.048760355,0.09617809,-0.31509307,0.18076392,0.0,1.0,0.0,0.0
2026-06-16,4331.23,-0.47371122,0.07555843,-0.5602984,-0.36425814,-0.42975956,0.07445611,0.09008772,-0.29478776,0.44070277,0.0,1.0,0.0,0.0
2026-06-17,4257.76,-0.41269892,0.13264632,-0.5602984,-0.21274923,-0.38499042,0.1515089,0.10892953,-0.25387928,0.25473687,0.0,1.0,0.0,0.0
2026-06-18,4209.01,-0.3154019,0.17037052,-0.4874746,-0.07381338,-0.32079476,0.13893585,0.1488245,-0.20554921,-0.06446868,0.0,1.0,0.0,0.0
2026-06-19,4155.77,-0.25017837,0.14912644,-0.43871424,-0.07381338,-0.2879028,-0.08754345,0.16041292,-0.18486026,-0.24942937,0.0,1.0,0.0,0.0
2026-06-22,4191.41,-0.21190235,0.10734504,-0.36425814,-0.07381338,-0.2795335,-0.08597733,0.16338553,-0.18370189,0.06862632,0.0,1.0,0.0,0.0
2026-06-23,4110.15,-0.19988818,0.08757047,-0.3041873,-0.07381338,-0.28461957,-0.056853134,0.16362502,-0.190652,-0.20298351,0.0,1.0,0.0,0.0
2026-06-24,3999.24,-0.23550211,0.1231074,-0.39081892,-0.07381338,-0.30652845,-0.08663162,0.15257008,-0.21562172,-0.5157288,0.0,1.0,0.0,0.0
2026-06-25,4026.66,-0.31395316,0.11923356,-0.46606866,-0.16135682,-0.3394415,-0.07524974,0.13863473,-0.24972935,-0.86382455,0.0,1.0,0.0,0.0
2026-06-26,4081.17,-0.37312552,0.095654406,-0.46606866,-0.24733417,-0.36373883,0.008850133,0.1347194,-0.26835215,-1.3258979,0.0,1.0,0.0,0.0
2026-06-29,4016.59,-0.40667576,0.065015644,-0.46606866,-0.3041873,-0.37433162,0.042133085,0.13243097,-0.27550623,-1.7248807,0.0,1.0,0.0,0.0
2026-06-30,4007.75,-0.4220657,0.03831521,-0.46606866,-0.38113704,-0.37573558,0.03394839,0.13331404,-0.29783085,0.25203943,0.0,1.0,0.0,0.0
2026-07-01,4031.09,-0.42891613,0.03416961,-0.46606866,-0.38113704,-0.38591346,-0.04393397,0.13283843,-0.3103718,2.0733206,0.0,1.0,0.0,0.0
2026-07-02,4123.88,-0.4166173,0.027955983,-0.45721853,-0.38113704,-0.3897632,0.020496488,0.097947,-0.3142214,2.0032938,0.0,1.0,0.0,0.0
2026-07-03,4174.88,-0.40460628,0.016843555,-0.425071,-0.38113704,-0.39128986,0.0074111843,0.06684267,-0.31535742,1.556874,0.0,1.0,0.0,0.0
2026-07-06,4165.03,-0.39521137,0.02188378,-0.425071,-0.3681109,-0.38650805,0.029052446,0.04613063,-0.30961043,1.6849295,0.0,1.0,0.0,0.0
2026-07-07,4105.9,-0.37365913,0.059663422,-0.425071,-0.27337593,-0.36316895,0.094734974,0.053716443,-0.27368823,1.4212351,0.0,1.0,0.0,0.0
2026-07-08,4077.44,-0.31976902,0.10561236,-0.4045745,-0.1556204,-0.3203518,0.11775552,0.09373062,-0.22754146,0.92368305,0.0,1.0,0.0,0.0
2026-07-09,4123.74,-0.2959743,0.09455212,-0.39716333,-0.1556204,-0.31318274,-0.12998065,0.09145332,-0.21411034,2.0716097,0.0,1.0,0.0,0.0
2026-07-10,4119.33,-0.2738768,0.07610217,-0.3681109,-0.1556204,-0.30771434,-0.001074628,0.086298235,-0.20761158,2.2961895,0.0,1.0,0.0,0.0
2026-07-13,4001.03,-0.26881158,0.06874979,-0.34278488,-0.1556204,-0.3149494,-0.056109183,0.08216785,-0.21029945,2.542464,0.0,1.0,0.0,0.0
2026-07-14,4052.88,-0.30879903,0.1147946,-0.4733131,-0.1556204,-0.34761974,-0.13052823,0.09277642,-0.24291985,2.7767267,0.0,1.0,0.0,0.0
2026-07-15,4060.48,-0.37594575,0.100038014,-0.49135402,-0.28560105,-0.37727204,-0.018040925,0.10139903,-0.2703104,2.2431428,0.0,1.0,0.0,0.0
2026-07-16,3987.62,-0.40640795,0.08813109,-0.49135402,-0.2866757,-0.38978207,0.05344188,0.10398597,-0.2877846,1.9484442,0.0,1.0,0.0,0.0
